captureArrivalUs,rifeStartUs,rifeEndUs,presentedUs,inferenceMs,dropped
0,703,0,7801,0.000,0
101537,102302,0,102919,0.000,0
138885,139266,0,139906,0.000,0
176534,176987,0,177943,0.000,0
213089,213666,0,213683,0.000,0
249633,0,0,249819,0.000,0
285350,0,0,285427,0.000,0
320428,0,0,320612,0.000,0
355905,0,0,355996,0.000,0
392094,0,0,392198,0.000,0
428017,428554,0,428956,0.000,0
465225,0,0,466065,0.000,0
501045,0,0,501162,0.000,0
533923,0,0,534142,0.000,0
568088,0,0,568161,0.000,0
606285,613562,0,614103,0.000,0
646909,0,0,646989,0.000,0
681483,0,0,681568,0.000,0
716554,0,0,716631,0.000,0
753449,0,0,753733,0.000,0
753449,753960,789698,790507,35.738,0
827961,0,0,828061,0.000,0
862738,0,0,862908,0.000,0
897590,0,0,897858,0.000,0
933472,0,0,933536,0.000,0
969485,0,0,969607,0.000,0
1004473,1004960,0,1005042,0.000,0
1039510,0,0,1039611,0.000,0
1075075,0,0,1075134,0.000,0
1110183,0,0,1110265,0.000,0
1146694,0,0,1147126,0.000,0
1179870,0,0,1180035,0.000,0
1213548,0,0,1213827,0.000,0
1248128,0,0,1248209,0.000,0
1282316,0,0,1283134,0.000,0
1318944,0,0,1319029,0.000,0
1354201,0,0,1354293,0.000,0
1394035,0,0,1394119,0.000,0
1436670,0,0,1436753,0.000,0
1476476,1476770,0,1476849,0.000,0
1511750,0,0,1511969,0.000,0
1547225,1547840,0,1548017,0.000,0
1582381,0,0,1582791,0.000,0
1617612,0,0,1617688,0.000,0
1653167,0,0,1653397,0.000,0
1688670,0,0,1688753,0.000,0
1723524,0,0,1723626,0.000,0
1758190,0,0,1758271,0.000,0
1793286,0,0,1793360,0.000,0
1827603,0,0,1827690,0.000,0
1827603,1828083,1861718,1862344,33.636,0
1896523,0,0,1896600,0.000,0
1930333,0,0,1930422,0.000,0
1964366,1964601,0,1964874,0.000,0
1998185,0,0,1998307,0.000,0
2031912,0,0,2032374,0.000,0
2066223,0,0,2066734,0.000,0
2066223,2067161,2100546,2101706,33.385,0
2134987,2135306,0,2135498,0.000,0
2134987,2135306,2171316,2172429,36.010,0
2206627,2206972,0,2207198,0.000,0
2206627,2206972,2239535,2240544,32.563,0
2274356,0,0,2274639,0.000,0
2274356,2274804,2308834,2309693,34.030,0
2309810,2311103,2344061,2344994,32.958,0
2379228,0,0,2379450,0.000,0
2379228,2380590,2413763,2414763,33.173,0
2414911,2415224,2448303,2452830,33.079,0
2492474,0,0,2492681,0.000,0
2526945,0,0,2527279,0.000,0
2561750,0,0,2561959,0.000,0
2595747,0,0,2596023,0.000,0
2630396,0,0,2630455,0.000,0
2630396,2631949,2665587,2666594,33.638,0
2701955,0,0,2702265,0.000,0
2738290,0,0,2738386,0.000,0
2773969,0,0,2774169,0.000,0
2773969,2774655,2809049,2810890,34.394,0
2848277,2848562,0,2848808,0.000,0
2883197,2883535,0,2883714,0.000,0
2917846,0,0,2917934,0.000,0
2917846,2918241,2951753,2952623,33.513,0
2987224,0,0,2987376,0.000,0
3021440,0,0,3021659,0.000,0
3059908,0,0,3060215,0.000,0
3059908,3064541,3104934,3106079,40.393,0
3106119,3106608,3147748,3148770,41.140,0
3151170,3161494,3193687,3194780,32.193,0
3197773,3204537,3237063,3238160,32.526,0
3276389,0,0,3276976,0.000,0
3276389,3277201,3311292,3312406,34.090,0
3354068,0,0,3354097,0.000,0
3354068,3354806,3391448,3392921,36.642,0
3438059,0,0,3438642,0.000,0
3438059,3441429,3475735,3477058,34.306,0
3515493,0,0,3516022,0.000,0
3515493,3516992,3551096,3552276,34.103,0
3554273,3557131,3591646,3592771,34.515,0
3593026,3598349,3630985,3632221,32.636,0
3632544,3641109,3677164,3678475,36.055,0
3679854,3689389,3725931,3727212,36.542,0
3730476,3735103,3771890,3773049,36.787,0
3773694,3777970,3811641,3812775,33.671,0
3847946,0,0,3848113,0.000,0
3847946,3848642,3880908,3882041,32.265,0
3923744,0,0,3924239,0.000,0
3959034,0,0,3959122,0.000,0
3999171,0,0,3999304,0.000,0
3999171,3999677,4033751,4034679,34.074,0
4034818,4040008,4073796,4074937,33.788,0
4111432,0,0,4111928,0.000,0
4111432,4115298,4152438,4153384,37.140,0
4191052,0,0,4191758,0.000,0
4233974,0,0,4234163,0.000,0
4277346,0,0,4277507,0.000,0
4277346,4279663,4317646,4318848,37.983,0
4321790,4332438,4390900,4392012,58.462,0
4409678,4435911,4491958,4493188,56.047,0
4506335,4511106,4564257,4565462,53.151,0
4619969,0,0,4620291,0.000,0
4619969,4620427,4654641,4655671,34.214,0
4698002,0,0,4698505,0.000,0
4734167,0,0,4734322,0.000,0
4770727,0,0,4770730,0.000,0
4806901,0,0,4807442,0.000,0
4806901,4810723,4845009,4846207,34.286,0
4881244,0,0,4881398,0.000,0
4881244,4881731,4915382,4916472,33.651,0
4916836,4917611,4952943,4954150,35.332,0
5001611,0,0,5001672,0.000,0
5042485,0,0,5042982,0.000,0
5077555,0,0,5078044,0.000,0
5113947,0,0,5114296,0.000,0
5113947,5114349,5148637,5149600,34.288,0
5188158,0,0,5188688,0.000,0
5223022,0,0,5223130,0.000,0
5223022,5229590,5263117,5264289,33.528,0
5300006,0,0,5300495,0.000,0
5300006,5300582,5334392,5335914,33.810,0
5372163,0,0,5372228,0.000,0
5410563,0,0,5410860,0.000,0
5410563,5410913,5446234,5447324,35.321,0
5447575,5448794,5483024,5484366,34.230,0
5519390,0,0,5519664,0.000,0
5556661,0,0,5557003,0.000,0
5591427,0,0,5591570,0.000,0
5626801,0,0,5626926,0.000,0
5626801,5632445,5665029,5666030,32.584,0
5705207,0,0,5705325,0.000,0
5740014,0,0,5740058,0.000,0
5775604,0,0,5776111,0.000,0
5775604,5776974,5811338,5812458,34.363,0
5848171,0,0,5848735,0.000,0
5848171,5852029,5887767,5888947,35.738,0
5890234,5893698,5927492,5928960,33.794,0
5964388,0,0,5964753,0.000,0
5999447,0,0,5999760,0.000,0
6036371,0,0,6036521,0.000,0
6071439,6071722,0,6071971,0.000,0
6107529,0,0,6108078,0.000,0
6148484,0,0,6149010,0.000,0
6148484,6149065,6183905,6185055,34.841,0
6227931,0,0,6228215,0.000,0
6227931,6228381,6260770,6261969,32.389,0
6299741,0,0,6299965,0.000,0
6299741,6299978,6332670,6333858,32.692,0
6373108,0,0,6373685,0.000,0
6373108,6374083,6407015,6408185,32.932,0
6445398,0,0,6445773,0.000,0
6481908,0,0,6482224,0.000,0
6481908,6482253,6514394,6515584,32.141,0
6551293,0,0,6551604,0.000,0
6587422,0,0,6587716,0.000,0
6587422,6590114,6623234,6624398,33.120,0
6624406,6624774,6656765,6658024,31.992,0
6693209,0,0,6693311,0.000,0
6730742,0,0,6730841,0.000,0
6764853,0,0,6764921,0.000,0
6799412,0,0,6799502,0.000,0
6799412,6799777,6833479,6834676,33.702,0
6870071,0,0,6870187,0.000,0
6870071,6870822,6904425,6905019,33.603,0
6939590,0,0,6939595,0.000,0
6973467,6973883,0,6973951,0.000,0
7008105,0,0,7008232,0.000,0
7042180,0,0,7042520,0.000,0
7076723,0,0,7076803,0.000,0
7111069,0,0,7111138,0.000,0
7144796,7145160,0,7145168,0.000,0
7144796,7145160,7178940,7180813,33.780,0
7181463,7182048,7214754,7215635,32.706,0
7216104,7216576,7250567,7251377,33.992,0
7290280,7290577,0,7290880,0.000,0
7324737,0,0,7324926,0.000,0
7324737,7325316,7372787,7374067,47.471,0
7457379,0,0,7457627,0.000,0
7500763,0,0,7501263,0.000,0
7500763,7501337,7535786,7537161,34.448,0
7571670,0,0,7571978,0.000,0
7571670,7572045,7605163,7606188,33.118,0
7640873,0,0,7640945,0.000,0
7674903,0,0,7674983,0.000,0
7709492,0,0,7709556,0.000,0
7745657,0,0,7745824,0.000,0
7779367,0,0,7779521,0.000,0
7812934,0,0,7813113,0.000,0
7847401,0,0,7847520,0.000,0
7882606,0,0,7882859,0.000,0
7882606,7884690,7917077,7918666,32.387,0
7952788,0,0,7952942,0.000,0
7987339,0,0,7987446,0.000,0
8026526,0,0,8026887,0.000,0
8060406,8060897,0,8060920,0.000,0
8060406,8060897,8093547,8094624,32.650,0
8130350,0,0,8130441,0.000,0
8130350,8130717,8164244,8165229,33.526,0
8203761,0,0,8203856,0.000,0
8203761,8204127,8237878,8238721,33.751,0
8272414,0,0,8272487,0.000,0
8272414,8273020,8305923,8307907,32.902,0
8308164,8308661,8341871,8342925,33.210,0
8376066,0,0,8376587,0.000,0
8413081,0,0,8413157,0.000,0
8450473,0,0,8450627,0.000,0
8484317,8484608,0,8484638,0.000,0
8484317,8484608,8517806,8519260,33.198,0
8553935,0,0,8554008,0.000,0
8553935,8554191,8588063,8589042,33.872,0
8623334,0,0,8623975,0.000,0
8659861,0,0,8659943,0.000,0
8693054,0,0,8693134,0.000,0
8693054,8693779,8727620,8728492,33.841,0
8728933,8730576,8763807,8764741,33.230,0
8764879,8765842,8798386,8799269,32.544,0
8833107,0,0,8833187,0.000,0
8868264,0,0,8868469,0.000,0
8903829,0,0,8904514,0.000,0
8939963,0,0,8940045,0.000,0
8973070,0,0,8973129,0.000,0
9010382,0,0,9010459,0.000,0
9010382,9010983,9045251,9047417,34.267,0
9081199,0,0,9081281,0.000,0
9114154,0,0,9114384,0.000,0
9148415,0,0,9148503,0.000,0
9148415,9148877,9182022,9183101,33.145,0
9218762,0,0,9219238,0.000,0
9218762,9219568,9254910,9255761,35.342,0
9256190,9256489,9288696,9289643,32.207,0
9289770,9289988,9323235,9324222,33.247,0
9325576,9333117,9365680,9366689,32.563,0
9366981,9367238,9399762,9400846,32.523,0
9401074,9405510,9437784,9438634,32.274,0
9472814,0,0,9472908,0.000,0
9507133,9507436,0,9507715,0.000,0
9541373,0,0,9542100,0.000,0
9541373,9542872,9574957,9577115,32.085,0
9611797,0,0,9611940,0.000,0
9646172,0,0,9646350,0.000,0
9646172,9646480,9679635,9680557,33.155,0
9683428,9688744,9724461,9726064,35.717,0
9726326,9728890,9760383,9761403,31.493,0
9762949,9767659,9799488,9800370,31.829,0
9800796,9801248,9833433,9834350,32.185,0
9834608,9834911,9869534,9870409,34.623,0
9907402,0,0,9907745,0.000,0
9942362,0,0,9942502,0.000,0
9975492,0,0,9975565,0.000,0
9975492,9976275,10009805,10010878,33.530,0
10011097,10011631,10044302,10046518,32.671,0
10081997,0,0,10082142,0.000,0
10115134,0,0,10115569,0.000,0
10115134,10117423,10150675,10151558,33.252,0
10188361,0,0,10188772,0.000,0
10188361,10188942,10221721,10222612,32.779,0
10256052,0,0,10256138,0.000,0
10256052,10256604,10289766,10290734,33.162,0
10291193,10292386,10325720,10326751,33.334,0
10360835,0,0,10360907,0.000,0
10394145,0,0,10394213,0.000,0
10429566,10429948,0,10429963,0.000,0
10476139,0,0,10476163,0.000,0
10476139,10484976,10530863,10532154,45.888,0
10605877,0,0,10606191,0.000,0
10605877,10608810,10640522,10641478,31.711,0
10676722,0,0,10676800,0.000,0
10676722,10679644,10713215,10714123,33.571,0
10750230,0,0,10750808,0.000,0
10786157,0,0,10786283,0.000,0
10786157,10786635,10819194,10820076,32.559,0
10854073,0,0,10854202,0.000,0
10888243,0,0,10888694,0.000,0
10888243,10890466,10925655,10926623,35.189,0
10960293,0,0,10960366,0.000,0
10960293,10961453,10993865,10994690,32.411,0
10995146,10995603,11028567,11029442,32.964,0
11029728,11029990,11063144,11064676,33.154,0
11064907,11065549,11097735,11098724,32.186,0
11132379,0,0,11132457,0.000,0
11168042,0,0,11168154,0.000,0
11203180,0,0,11203406,0.000,0
11203180,11205823,11238229,11239226,32.406,0
11239536,11240106,11272627,11273459,32.521,0
11308759,0,0,11308845,0.000,0
11344958,0,0,11345717,0.000,0
11344958,11345844,11378421,11379696,32.577,0
11414525,0,0,11414558,0.000,0
11414525,11415045,11448335,11449424,33.289,0
11449764,11452246,11484781,11485397,32.535,0
11520042,0,0,11523145,0.000,0
11520042,11530031,11562255,11563152,32.223,0
11564178,11564851,11596804,11597952,31.953,0
11599728,11604372,11636281,11637239,31.909,0
11672033,0,0,11672102,0.000,0
11672033,11676298,11708601,11709487,32.303,0
11746046,0,0,11746114,0.000,0
11779790,0,0,11779866,0.000,0
11816557,0,0,11817092,0.000,0
11816557,11817147,11850364,11851443,33.216,0
11886894,0,0,11886961,0.000,0
11921023,0,0,11921161,0.000,0
11921023,11921391,11953833,11954781,32.442,0
11990905,0,0,11991114,0.000,0
11990905,11991666,12025365,12026347,33.699,0
12026824,12027108,12060480,12061341,33.372,0
12095964,0,0,12096043,0.000,0
12131192,0,0,12131395,0.000,0
12171510,12171777,0,12171873,0.000,0
12171510,12171777,12204619,12205553,32.843,0
12205778,12206400,12239572,12241634,33.172,0
12292569,0,0,12292864,0.000,0
12292569,12298667,12347502,12348586,48.835,0
12394572,0,0,12395116,0.000,0
12429501,0,0,12430008,0.000,0
12429501,12433751,12467373,12468331,33.622,0
12503210,0,0,12503288,0.000,0
12542116,0,0,12542178,0.000,0
12542116,12542358,12574368,12575813,32.009,0
12612990,0,0,12613053,0.000,0
12612990,12613258,12648351,12649752,35.093,0
12650307,12651535,12685041,12686288,33.506,0
12686395,12686691,12720103,12721096,33.413,0
12721343,12721602,12753765,12754754,32.163,0
12755473,12763023,12795661,12796613,32.638,0
12797001,12797489,12831210,12832226,33.722,0
12866269,0,0,12866353,0.000,0
12866269,12869639,12903391,12904861,33.752,0
12939356,0,0,12939435,0.000,0
12977939,0,0,12978120,0.000,0
12977939,12978508,13011545,13012626,33.038,0
13047031,0,0,13047112,0.000,0
13047031,13047324,13080815,13081816,33.491,0
13116730,0,0,13117251,0.000,0
13116730,13117257,13150232,13151333,32.974,0
13186094,0,0,13186192,0.000,0
13223186,0,0,13223369,0.000,0
13258613,0,0,13258961,0.000,0
13258613,13259081,13291417,13292477,32.336,0
13332720,0,0,13332979,0.000,0
13368591,0,0,13368932,0.000,0
13368591,13373890,13407651,13408546,33.760,0
13442898,0,0,13443375,0.000,0
13480617,0,0,13480716,0.000,0
13514439,0,0,13514814,0.000,0
13548786,13549104,0,13549420,0.000,0
13548786,13549104,13582382,13583448,33.278,0
13583657,13591959,13632992,13634003,41.033,0
13649567,13658822,13694249,13696446,35.427,0
13708428,13721160,13752360,13753900,31.200,0
13755340,13756358,13792578,13793752,36.221,0
13833489,0,0,13833806,0.000,0
13874480,0,0,13874869,0.000,0
13874480,13881808,13923999,13927186,42.191,0
13934596,13943949,13979777,13983367,35.828,0
13983741,13989905,14026860,14027954,36.955,0
14027978,14030880,14069478,14070482,38.598,0
14075754,14091178,14127009,14128090,35.831,0
14133103,14142536,14182788,14186000,40.252,0
14215460,14239327,14291967,14293178,52.641,0
14311863,14326322,14378119,14379393,51.797,0
14394945,14407212,14448697,14449893,41.485,0
14454340,14457916,14489353,14490532,31.437,0
14533714,0,0,14534075,0.000,0
14533714,14538226,14570934,14572085,32.708,0
14572401,14575178,14610536,14611475,35.358,0
14647914,0,0,14648196,0.000,0
14647914,14648430,14682590,14683667,34.160,0
14684333,14688294,14721415,14722730,33.121,0
14765142,0,0,14765429,0.000,0
14799315,0,0,14799565,0.000,0
14799315,14799643,14836268,14837423,36.625,0
14839993,14842577,14875543,14876672,32.966,0
14876791,14878027,14911473,14912551,33.447,0
14913011,14917024,14949843,14950844,32.819,0
14993536,0,0,14993691,0.000,0
14993536,14994245,15028166,15029567,33.921,0
15034455,15037136,15073302,15074832,36.166,0
15077275,15082160,15114461,15115664,32.301,0
15116296,15123264,15155683,15156984,32.419,0
15193841,0,0,15193996,0.000,0
15193841,15194229,15229418,15230645,35.190,0
15272653,0,0,15272791,0.000,0
15313028,0,0,15313373,0.000,0
15313028,15315354,15349976,15351141,34.621,0
15353328,15359094,15391794,15393112,32.701,0
15393601,15394530,15430731,15432084,36.201,0
15432587,15438925,15474194,15475332,35.269,0
15524877,0,0,15524887,0.000,0
15524877,15530866,15562662,15564031,31.796,0
15605599,0,0,15605922,0.000,0
15605599,15606275,15639789,15640887,33.514,0
15681036,0,0,15681203,0.000,0
15681036,15683120,15717074,15718399,33.954,0
15759507,0,0,15759987,0.000,0
15796992,0,0,15797162,0.000,0
15834610,0,0,15834881,0.000,0
15834610,15837765,15871883,15873136,34.118,0
15916959,0,0,15917474,0.000,0
15953159,0,0,15953516,0.000,0
15953159,15953562,15987468,15988828,33.906,0
16028494,0,0,16028817,0.000,0
16062536,0,0,16063012,0.000,0
16098244,0,0,16098361,0.000,0
16098244,16098604,16132263,16133291,33.659,0
16171473,0,0,16171804,0.000,0
16209412,0,0,16209543,0.000,0
16209412,16213193,16257441,16258625,44.248,0
16275493,16292349,16337282,16338475,44.934,0
16356427,16380000,16422510,16423735,42.510,0
16424344,16428565,16460532,16461505,31.967,0
16461777,16468154,16500074,16501062,31.920,0
16534300,0,0,16534751,0.000,0
16534300,16535167,16568040,16568915,32.873,0
16603927,0,0,16604186,0.000,0
16639477,0,0,16640000,0.000,0
16639477,16641308,16674131,16675432,32.823,0
16712852,0,0,16713284,0.000,0
16748751,0,0,16749123,0.000,0
16784205,0,0,16784347,0.000,0
16784205,16784406,16817361,16818708,32.955,0
16852926,0,0,16853007,0.000,0
16852926,16853242,16886582,16887483,33.340,0
16921774,0,0,16922428,0.000,0
16960188,0,0,16960304,0.000,0
16994009,0,0,16994152,0.000,0
17028630,0,0,17028692,0.000,0
17062575,0,0,17063212,0.000,0
17101283,0,0,17101532,0.000,0
17101283,17101568,17133993,17134862,32.425,0
17168719,0,0,17168774,0.000,0
17168719,17169893,17203233,17204205,33.340,0
17204952,17206822,17239975,17241124,33.153,0
17241151,17241454,17274909,17276025,33.455,0
17309996,0,0,17310158,0.000,0
17309996,17310462,17344560,17346233,34.098,0
17350462,17352249,17384542,17385837,32.293,0
17385965,17387302,17420326,17421295,33.024,0
17456536,17456982,0,17457092,0.000,0
17456536,17456982,17489771,17490907,32.789,0
17526097,0,0,17526195,0.000,0
17561238,0,0,17561519,0.000,0
17598301,0,0,17598318,0.000,0
17631685,17632073,0,17632206,0.000,0
17666858,0,0,17666924,0.000,0
17703253,0,0,17703736,0.000,0
17738430,17738913,0,17738936,0.000,0
17738430,17738913,17771871,17773126,32.957,0
17773330,17773707,17810044,17810959,36.337,0
17848333,0,0,17848400,0.000,0
17848333,17848673,17882085,17883219,33.413,0
17883686,17885586,17918219,17918842,32.633,0
17953996,0,0,17954336,0.000,0
17953996,17954730,17988447,17989481,33.717,0
18026209,0,0,18026479,0.000,0
18061441,0,0,18061741,0.000,0
18061441,18062328,18095605,18096501,33.277,0
18133268,0,0,18133514,0.000,0
18133268,18134161,18167582,18168497,33.421,0
18169843,18180551,18221855,18222979,41.304,0
18290782,0,0,18291335,0.000,0
18290782,18291359,18326486,18327682,35.127,0
18327806,18336467,18370283,18371263,33.815,0
18408581,0,0,18408839,0.000,0
18408581,18408927,18442238,18443137,33.311,0
18446659,18449210,18480661,18481748,31.451,0
18515809,0,0,18515944,0.000,0
18515809,18516195,18551530,18553188,35.335,0
18588904,0,0,18588985,0.000,0
18588904,18590263,18623042,18624153,32.778,0
18624357,18630750,18663019,18664017,32.269,0
18664333,18666705,18700178,18701145,33.473,0
18701246,18703225,18737911,18739062,34.685,0
18774524,0,0,18774884,0.000,0
18774524,18776514,18808557,18809234,32.043,0
18849243,0,0,18849394,0.000,0
18849243,18850946,18884376,18885310,33.430,0
18885395,18892883,18927189,18928166,34.306,0
18964104,18964446,0,18964753,0.000,0
19002097,0,0,19002279,0.000,0
19002097,19002551,19036069,19037005,33.518,0
19038210,19038567,19071140,19072300,32.573,0
19072376,19078455,19111213,19112065,32.758,0
19112487,19112851,19147485,19148420,34.634,0
19189511,0,0,19189686,0.000,0
19189511,19194620,19227427,19228321,32.808,0
19268100,0,0,19268154,0.000,0
19304512,0,0,19304801,0.000,0
19304512,19304928,19339416,19340789,34.488,0
19376004,0,0,19376069,0.000,0
19376004,19376345,19410534,19411555,34.190,0
19447175,0,0,19447250,0.000,0
19486090,0,0,19486165,0.000,0
19521090,0,0,19521319,0.000,0
19555428,0,0,19555558,0.000,0
19555428,19555864,19588605,19589934,32.741,0
19628515,0,0,19628772,0.000,0
19628515,19631484,19664359,19665331,32.876,0
19699573,0,0,19699640,0.000,0
19733836,0,0,19734500,0.000,0
19768382,0,0,19768591,0.000,0
19805190,0,0,19806631,0.000,0
19805190,19806739,19839473,19840348,32.733,0
19840828,19841202,19873364,19874235,32.162,0
19908345,0,0,19908643,0.000,0
19946741,0,0,19946831,0.000,0
19981227,0,0,19981339,0.000,0
20014982,0,0,20015057,0.000,0
20014982,20015306,20047908,20048790,32.602,0
20048908,20049205,20083452,20084139,34.247,0
20084139,20084747,20117920,20118542,33.173,0
20152243,0,0,20152339,0.000,0
20152243,20152542,20185580,20186730,33.038,0
20186876,20191571,20224472,20225126,32.900,0
20259462,0,0,20259804,0.000,0
20293421,0,0,20293493,0.000,0
20333194,0,0,20333664,0.000,0
20366704,0,0,20366795,0.000,0
20366704,20367470,20400830,20401989,33.360,0
20435630,0,0,20435878,0.000,0
20435630,20436122,20468765,20469801,32.644,0
20470095,20471127,20503782,20504841,32.655,0
20539776,0,0,20539932,0.000,0
20574081,0,0,20574925,0.000,0
20608368,0,0,20609580,0.000,0
20647771,0,0,20647848,0.000,0
20682246,0,0,20682321,0.000,0
20682246,20682552,20715432,20716312,32.880,0
20749925,0,0,20750201,0.000,0
20786455,0,0,20786521,0.000,0
20820366,0,0,20820480,0.000,0
20854342,0,0,20854418,0.000,0
20887621,0,0,20887726,0.000,0
20887621,20887915,20922117,20923443,34.202,0
20959362,0,0,20959441,0.000,0
20992556,0,0,20992632,0.000,0
21026288,0,0,21026358,0.000,0
21060917,0,0,21061401,0.000,0
21096733,0,0,21096936,0.000,0
21131381,21131738,0,21132019,0.000,0
21131381,21131738,21164678,21165559,32.940,0
21165995,21166427,21199527,21200182,33.100,0
21233871,0,0,21234399,0.000,0
21269291,0,0,21269533,0.000,0
21303887,0,0,21304174,0.000,0
21338490,0,0,21338792,0.000,0
21338490,21338863,21371286,21372855,32.423,0
21410887,0,0,21410988,0.000,0
21444377,0,0,21444788,0.000,0
21479740,0,0,21479848,0.000,0
21513916,0,0,21514397,0.000,0
21513916,21518361,21550832,21551814,32.471,0
21585673,0,0,21585773,0.000,0
21619691,0,0,21619979,0.000,0
21619691,21620170,21653927,21654748,33.757,0
21655253,21656356,21688913,21689788,32.557,0
21724176,0,0,21724618,0.000,0
21724176,21727432,21760480,21762545,33.048,0
21762770,21764392,21796848,21798168,32.456,0
21832559,21833069,0,21833100,0.000,0
21866670,21866992,0,21867314,0.000,0
21901192,0,0,21901341,0.000,0
21935956,0,0,21936065,0.000,0
21935956,21936334,21968513,21970580,32.179,0
22011204,0,0,22011372,0.000,0
22011204,22011928,22045327,22046459,33.399,0
22046532,22052152,22085591,22086526,33.440,0
22087134,22087563,22120925,22121934,33.362,0
22122705,22123080,22155768,22156773,32.689,0
22190386,0,0,22190533,0.000,0
22233815,0,0,22233823,0.000,0
22268519,0,0,22268731,0.000,0
22268519,22268998,22302201,22303521,33.203,0
22337833,0,0,22337922,0.000,0
22337833,22338178,22372263,22373459,34.085,0
22373755,22374372,22407739,22409057,33.367,0
22443511,22443884,0,22444178,0.000,0
22443511,22443884,22477437,22478343,33.553,0
22512556,0,0,22512887,0.000,0
22546494,0,0,22547093,0.000,0
22581417,0,0,22581742,0.000,0
22581417,22581850,22614325,22615581,32.475,0
22616297,22616820,22663271,22664479,46.451,0
22676805,22690766,22736965,22738052,46.200,0
22798229,0,0,22798583,0.000,0
22837280,0,0,22837601,0.000,0
22870945,0,0,22871287,0.000,0
22908211,0,0,22908304,0.000,0
22908211,22908579,22942101,22943186,33.522,0
22981650,0,0,22981739,0.000,0
22981650,22986103,23019274,23020122,33.171,0
23054428,23054710,0,23054910,0.000,0
23087731,0,0,23088197,0.000,0
23087731,23089207,23122672,23123621,33.465,0
23158167,0,0,23158253,0.000,0
23192422,0,0,23193054,0.000,0
23227424,0,0,23228069,0.000,0
23264517,0,0,23264620,0.000,0
23298755,0,0,23299053,0.000,0
23337102,0,0,23337637,0.000,0
23371252,0,0,23371369,0.000,0
23409234,0,0,23409741,0.000,0
23443827,23444126,0,23444368,0.000,0
23443827,23444126,23477724,23478583,33.598,0
23513168,0,0,23513396,0.000,0
23513168,23513430,23547083,23548492,33.654,0
23583713,0,0,23583824,0.000,0
23619272,0,0,23619400,0.000,0
23654280,0,0,23654391,0.000,0
23687735,0,0,23688097,0.000,0
23722739,0,0,23722883,0.000,0
23756925,0,0,23757098,0.000,0
23756925,23757419,23790002,23790936,32.583,0
23828407,0,0,23828729,0.000,0
23862393,0,0,23862655,0.000,0
23896906,0,0,23897067,0.000,0
23930572,0,0,23930651,0.000,0
23965982,0,0,23966098,0.000,0
24000503,0,0,24000627,0.000,0
24036101,0,0,24036234,0.000,0
24036101,24036560,24068842,24069735,32.282,0
24070237,24073689,24106978,24107977,33.289,0
24143522,0,0,24143594,0.000,0
24181345,0,0,24181554,0.000,0
24181345,24184415,24217066,24217947,32.651,0
24218410,24218823,24251348,24252231,32.525,0
24286443,0,0,24287033,0.000,0
24325223,0,0,24325290,0.000,0
24359754,0,0,24359833,0.000,0
24396488,0,0,24396564,0.000,0
24434291,0,0,24434896,0.000,0
24434291,24435982,24468049,24468801,32.067,0
24503451,0,0,24503635,0.000,0
24538368,0,0,24538544,0.000,0
24571885,0,0,24571994,0.000,0
24605590,24605949,0,24606129,0.000,0
24605590,24605949,24640504,24641389,34.555,0
24641837,24642376,24675319,24676175,32.943,0
24710184,0,0,24710288,0.000,0
24744636,0,0,24745016,0.000,0
24782695,0,0,24783039,0.000,0
24818343,24818679,0,24819011,0.000,0
24818343,24818679,24851319,24852288,32.640,0
24852408,24852793,24885006,24886431,32.214,0
24922550,0,0,24922616,0.000,0
24922550,24922857,24956738,24957751,33.881,0
24958086,24958354,24990986,24991942,32.632,0
25028643,0,0,25029207,0.000,0
25063222,0,0,25063314,0.000,0
25097453,0,0,25097525,0.000,0
25131250,0,0,25131339,0.000,0
25131250,25131616,25164604,25165461,32.987,0
25165882,25166346,25199640,25200613,33.294,0
25234468,0,0,25235024,0.000,0
25234468,25235406,25268248,25269193,32.842,0
25269407,25269747,25302760,25304158,33.013,0
25338430,0,0,25338532,0.000,0
25338430,25338894,25371563,25372716,32.668,0
25406583,0,0,25406737,0.000,0
25442928,0,0,25443219,0.000,0
25442928,25443406,25479035,25479925,35.628,0
25480342,25480728,25513121,25513974,32.393,0
25514320,25514613,25546963,25547858,32.350,0
25582428,0,0,25582499,0.000,0
25617054,0,0,25617208,0.000,0
25651789,0,0,25651878,0.000,0
25685712,0,0,25686598,0.000,0
25721120,0,0,25721205,0.000,0
25721120,25721438,25754398,25755662,32.960,0
25755850,25757319,25789701,25790829,32.382,0
25825587,0,0,25825693,0.000,0
25863281,0,0,25863418,0.000,0
25900906,0,0,25901285,0.000,0
25900906,25901597,25934225,25935231,32.628,0
25935375,25935909,25968692,25969812,32.784,0
26005615,0,0,26005760,0.000,0
26040325,0,0,26040676,0.000,0
26074108,0,0,26074302,0.000,0
26109000,0,0,26109113,0.000,0
26109000,26110440,26143989,26145249,33.550,0
26145413,26145733,26179217,26180102,33.484,0
26180530,26180878,26213449,26214318,32.571,0
26214624,26214928,26247405,26248409,32.477,0
26248557,26249003,26281982,26282671,32.980,0
26321516,0,0,26322038,0.000,0
26355650,0,0,26356167,0.000,0
26388975,0,0,26389308,0.000,0
26425589,26425873,0,26426050,0.000,0
26425589,26425873,26458534,26459440,32.661,0
26459627,26459875,26492997,26494258,33.122,0
26494661,26495145,26527958,26528845,32.813,0
26529266,26529648,26562660,26563503,33.013,0
26598270,0,0,26598857,0.000,0
26598270,26602532,26635116,26636137,32.584,0
26670030,0,0,26670277,0.000,0
26704727,0,0,26704880,0.000,0
26741218,0,0,26741774,0.000,0
26779318,0,0,26779454,0.000,0
26813116,0,0,26813260,0.000,0
26846896,0,0,26846978,0.000,0
26846896,26847205,26880460,26881416,33.255,0
26881946,26884398,26918562,26919416,34.165,0
26919849,26921293,26953352,26954323,32.059,0
26954389,26957335,26989159,26990052,31.824,0
27029445,0,0,27029680,0.000,0
27063569,0,0,27063735,0.000,0
27098005,0,0,27098430,0.000,0
27131865,0,0,27131939,0.000,0
27166145,0,0,27166219,0.000,0
27200219,0,0,27200315,0.000,0
27234037,0,0,27234119,0.000,0
27234037,27235471,27268517,27269703,33.046,0
27304499,0,0,27305074,0.000,0
27339355,0,0,27340000,0.000,0
27373711,0,0,27373847,0.000,0
27407312,0,0,27407397,0.000,0
27407312,27407697,27441129,27442630,33.432,0
27477752,0,0,27478522,0.000,0
27514817,0,0,27514973,0.000,0
27514817,27515214,27547624,27548493,32.409,0
27548919,27549269,27582185,27583078,32.916,0
27617698,0,0,27617781,0.000,0
27652668,0,0,27653405,0.000,0
27686747,0,0,27686867,0.000,0
27721498,0,0,27721740,0.000,0
27756003,0,0,27756152,0.000,0
27756003,27756461,27788526,27790274,32.065,0
27825550,0,0,27825620,0.000,0
27859706,0,0,27859792,0.000,0
27894560,0,0,27894993,0.000,0
27930353,0,0,27930533,0.000,0
27930353,27930785,27964406,27965384,33.621,0
27999751,0,0,27999839,0.000,0
28033810,0,0,28034457,0.000,0
28067950,0,0,28068446,0.000,0
28103177,28103521,0,28103640,0.000,0
28137223,28137635,0,28137750,0.000,0
28137223,28137635,28171724,28172582,34.088,0
28206478,28206860,0,28206861,0.000,0
28206478,28206860,28240020,28241003,33.161,0
28275498,0,0,28276205,0.000,0
28275498,28277210,28310098,28311129,32.888,0
28345256,0,0,28345355,0.000,0
28381729,0,0,28381947,0.000,0
28415632,28416032,0,28416222,0.000,0
28415632,28416032,28449101,28449968,33.069,0
28450073,28450484,28483760,28484658,33.277,0
28519302,0,0,28519386,0.000,0
28519302,28519655,28552917,28554209,33.262,0
28589031,0,0,28589177,0.000,0
28589031,28589398,28622791,28623677,33.394,0
28623942,28626209,28659425,28660750,33.217,0
28660845,28665007,28698467,28699537,33.460,0
28736109,0,0,28736240,0.000,0
28736109,28736464,28768835,28770098,32.371,0
28804816,0,0,28805053,0.000,0
28804816,28805499,28838748,28839640,33.250,0
28839930,28840266,28873196,28874051,32.930,0
28874360,28874657,28906900,28908351,32.243,0
28943072,0,0,28943264,0.000,0
28980680,0,0,28980931,0.000,0
28980680,28981214,29014384,29015249,33.170,0
29049600,29049886,0,29049898,0.000,0
29049600,29049886,29082782,29083898,32.895,0
29084084,29085523,29119384,29120249,33.861,0
29120683,29121010,29153936,29154851,32.926,0
29188365,0,0,29188445,0.000,0
29223040,0,0,29223404,0.000,0
29257789,0,0,29257949,0.000,0
29291354,0,0,29291426,0.000,0
29325334,0,0,29325421,0.000,0
29325334,29325643,29359006,29359842,33.363,0
29394252,0,0,29394973,0.000,0
29394252,29395216,29427906,29428838,32.690,0
29464775,0,0,29464866,0.000,0
29498828,0,0,29498965,0.000,0
29533269,0,0,29533562,0.000,0
29533269,29533808,29566549,29567596,32.741,0
29602521,29602854,0,29603451,0.000,0
29602521,29602854,29636718,29637573,33.864,0
29672089,0,0,29672188,0.000,0
29706112,0,0,29706512,0.000,0
29744846,0,0,29745805,0.000,0
29744846,29745828,29780760,29781822,34.932,0
29782426,29783114,29817063,29817949,33.949,0
29818362,29818705,29850983,29853270,32.278,0
29853316,29853748,29886361,29887689,32.613,0
29921854,0,0,29921924,0.000,0
29957359,0,0,29957445,0.000,0
29957359,29957684,29990664,29991472,32.980,0
30025184,0,0,30026177,0.000,0
30063378,0,0,30063632,0.000,0
30099635,0,0,30099879,0.000,0
30133627,30133916,0,30134186,0.000,0
30167313,0,0,30167464,0.000,0
30201483,0,0,30201543,0.000,0
30236742,0,0,30236829,0.000,0
30270207,0,0,30270282,0.000,0
30304501,0,0,30304592,0.000,0
30339292,0,0,30339705,0.000,0
30375125,0,0,30375430,0.000,0
30411795,0,0,30412330,0.000,0
30445334,30445704,0,30445889,0.000,0
30480887,0,0,30481053,0.000,0
30515816,0,0,30516248,0.000,0
30553264,0,0,30553316,0.000,0
30586399,0,0,30586492,0.000,0
30586399,30590639,30624067,30624924,33.428,0
30625108,30625391,30658785,30659629,33.394,0
30693639,0,0,30693782,0.000,0
30728214,0,0,30728751,0.000,0
30765916,0,0,30765980,0.000,0
30800289,0,0,30800588,0.000,0
30834459,0,0,30834700,0.000,0
30868871,0,0,30869005,0.000,0
30868871,30869847,30902703,30903559,32.856,0
30903996,30904289,30937509,30938483,33.221,0
30978714,0,0,30978935,0.000,0
31012322,0,0,31012531,0.000,0
31046598,0,0,31046756,0.000,0
31046598,31047015,31080996,31082209,33.981,0
31082520,31084377,31117810,31118693,33.433,0
31119078,31119572,31152020,31153113,32.448,0
31187032,0,0,31187107,0.000,0
31187032,31187337,31220497,31221396,33.160,0
31221829,31222163,31255593,31256437,33.430,0
31290419,0,0,31290556,0.000,0
31327341,0,0,31327536,0.000,0
31361498,0,0,31361576,0.000,0
31396047,0,0,31396141,0.000,0
31433535,0,0,31433778,0.000,0
31433535,31437311,31469987,31471039,32.677,0
31507940,31508672,0,31509068,0.000,0
31542746,31543015,0,31543255,0.000,0
31577086,31577479,0,31577671,0.000,0
31611514,31611838,0,31612081,0.000,0
31645095,0,0,31645218,0.000,0
31680095,0,0,31680365,0.000,0
31680095,31680553,31713926,31714904,33.373,0
31750652,0,0,31750925,0.000,0
31784219,0,0,31784390,0.000,0
31818422,0,0,31818524,0.000,0
31865522,0,0,31865730,0.000,0
31865522,31866154,31900330,31901363,34.176,0
31901637,31901969,31935427,31936457,33.458,0
31936650,31936934,31969072,31970968,32.137,0
32006034,0,0,32006141,0.000,0
32040125,0,0,32040356,0.000,0
32077781,0,0,32078084,0.000,0
32077781,32078433,32111169,32112010,32.736,0
32146065,0,0,32146269,0.000,0
32180811,0,0,32181102,0.000,0
32215442,0,0,32215543,0.000,0
32249791,0,0,32249990,0.000,0
32284515,0,0,32284690,0.000,0
32318807,0,0,32318897,0.000,0
32354353,0,0,32354708,0.000,0
32354353,32355483,32388724,32389914,33.242,0
32424370,0,0,32424650,0.000,0
32459099,0,0,32459171,0.000,0
32493006,0,0,32493282,0.000,0
32528497,0,0,32528793,0.000,0
32562432,32563012,0,32563063,0.000,0
32562432,32563012,32596607,32597676,33.595,0
32597928,32600329,32633073,32633989,32.744,0
32634272,32634531,32666671,32668098,32.140,0
32702437,0,0,32702579,0.000,0
32737033,0,0,32737104,0.000,0
32772465,0,0,32772636,0.000,0
32805915,0,0,32806047,0.000,0
32840305,0,0,32840663,0.000,0
32840305,32840927,32875536,32877053,34.609,0
32917470,0,0,32917740,0.000,0
32951265,0,0,32951423,0.000,0
32985455,0,0,32985861,0.000,0
33020145,0,0,33020267,0.000,0
33055519,0,0,33055599,0.000,0
33088931,0,0,33089013,0.000,0
33088931,33089242,33122546,33123602,33.304,0
33160474,0,0,33160741,0.000,0
33195490,0,0,33195662,0.000,0
33229141,0,0,33229226,0.000,0
33262929,0,0,33263056,0.000,0
33297998,33298346,0,33298535,0.000,0
33331874,0,0,33331950,0.000,0
33366973,0,0,33367057,0.000,0
33401328,0,0,33401419,0.000,0
33437692,0,0,33438751,0.000,0
33472907,0,0,33472982,0.000,0
33507634,0,0,33507765,0.000,0
33542863,33543537,0,33543871,0.000,0
33578692,0,0,33579391,0.000,0
33617241,0,0,33617734,0.000,0
33617241,33617759,33650758,33652038,33.000,0
33652203,33652474,33685363,33686432,32.889,0
33686656,33687033,33725314,33726415,38.281,0
33727069,33727395,33760444,33762194,33.049,0
33797635,0,0,33797836,0.000,0
33797635,33798338,33831306,33832230,32.968,0
33868199,33868512,0,33868669,0.000,0
33902867,0,0,33903159,0.000,0
33937536,0,0,33937855,0.000,0
33937536,33938458,33971237,33972180,32.779,0
34007514,34007812,0,34008005,0.000,0
34041461,0,0,34041622,0.000,0
34076230,0,0,34076311,0.000,0
34076230,34076523,34109979,34110869,33.456,0
34147364,34147678,0,34147851,0.000,0
34147364,34147678,34180779,34181808,33.101,0
34217794,0,0,34218142,0.000,0
34251265,0,0,34251377,0.000,0
34285037,0,0,34285494,0.000,0
34319646,0,0,34319722,0.000,0
34355231,0,0,34355547,0.000,0
34389920,0,0,34390216,0.000,0
34423649,0,0,34423922,0.000,0
34460147,0,0,34460320,0.000,0
34494304,0,0,34494385,0.000,0
34528201,0,0,34528325,0.000,0
34562261,34562693,0,34562846,0.000,0
34596503,0,0,34597137,0.000,0
34635510,0,0,34636055,0.000,0
34669115,0,0,34669331,0.000,0
34702500,0,0,34702727,0.000,0
34702500,34702967,34735807,34737510,32.840,0
34776510,34776757,0,34776759,0.000,0
34776510,34776757,34810757,34811928,34.000,0
34845877,0,0,34846091,0.000,0
34880373,0,0,34884573,0.000,0
34919821,0,0,34919950,0.000,0
34954074,0,0,34954244,0.000,0
34954074,34954819,34987523,34988691,32.704,0
35027208,0,0,35027319,0.000,0
35062682,0,0,35062991,0.000,0
35096858,0,0,35097259,0.000,0
35096858,35097453,35130515,35131850,33.062,0
35166264,0,0,35166344,0.000,0
35201421,0,0,35201499,0.000,0
35235470,0,0,35235694,0.000,0
35270014,0,0,35270303,0.000,0
35303729,35304172,0,35304245,0.000,0
35303729,35304172,35337970,35338950,33.798,0
35339078,35339308,35372530,35373579,33.221,0
35373711,35374037,35406155,35407349,32.119,0
35407526,35407790,35441310,35442472,33.519,0
35477747,0,0,35478244,0.000,0
35477747,35479077,35511563,35512549,32.486,0
35547686,35548030,0,35548212,0.000,0
35581334,35581674,0,35581895,0.000,0
35615564,0,0,35615975,0.000,0
35650730,0,0,35651183,0.000,0
35650730,35652772,35685316,35686187,32.545,0
35720775,0,0,35721045,0.000,0
35755092,0,0,35755176,0.000,0
35789823,0,0,35789983,0.000,0
35824489,0,0,35826150,0.000,0
35860109,0,0,35860443,0.000,0
35906336,0,0,35906456,0.000,0
35906336,35906709,35939441,35940364,32.732,0
35974567,0,0,35974698,0.000,0
36008105,0,0,36008170,0.000,0
36043663,0,0,36043757,0.000,0
36043663,36044271,36077616,36078791,33.345,0
36113793,0,0,36113927,0.000,0
36147262,0,0,36147633,0.000,0
36181789,0,0,36181872,0.000,0
36216550,0,0,36217154,0.000,0
36216550,36221868,36254210,36255220,32.342,0
36289089,0,0,36289155,0.000,0
36289089,36289704,36321901,36322880,32.197,0
36361688,0,0,36361751,0.000,0
36395868,0,0,36396195,0.000,0
36430111,0,0,36430399,0.000,0
36430111,36430457,36463011,36463869,32.553,0
36499400,0,0,36499568,0.000,0
36499400,36499771,36532323,36533337,32.552,0
36533421,36541127,36572160,36573210,31.033,0
36606664,0,0,36606932,0.000,0
36640557,0,0,36640677,0.000,0
36674565,0,0,36674672,0.000,0
36707925,0,0,36708086,0.000,0
36707925,36714149,36746261,36748008,32.112,0
36748023,36748356,36781185,36782412,32.829,0
36817867,0,0,36817970,0.000,0
36817867,36818403,36851894,36853236,33.491,0
36887753,36888331,0,36888602,0.000,0
36922052,0,0,36922551,0.000,0
36956233,0,0,36956436,0.000,0
36993525,0,0,36994710,0.000,0
36993525,36994775,37027210,37028246,32.434,0
37062328,0,0,37062618,0.000,0
37097546,0,0,37097792,0.000,0
37131061,0,0,37131284,0.000,0
37131061,37131565,37163409,37165031,31.844,0
37202292,0,0,37202391,0.000,0
37236103,0,0,37236279,0.000,0
37269516,0,0,37269703,0.000,0
37305059,0,0,37305140,0.000,0
37339173,0,0,37339310,0.000,0
37339173,37339621,37373050,37374037,33.429,0
37408888,0,0,37409204,0.000,0
37442532,0,0,37442636,0.000,0
37442532,37442865,37475894,37477808,33.029,0
37513779,37514342,0,37514534,0.000,0
37547870,0,0,37548025,0.000,0
37581558,0,0,37581694,0.000,0
37615730,0,0,37615833,0.000,0
37651017,37651298,0,37651447,0.000,0
37686089,0,0,37686241,0.000,0
37720341,0,0,37720500,0.000,0
37720341,37721112,37754413,37755366,33.301,0
37755507,37755760,37788651,37791299,32.892,0
37827315,0,0,37827591,0.000,0
37861678,0,0,37861940,0.000,0
37896335,0,0,37896489,0.000,0
37896335,37896783,37929824,37930403,33.041,0
37963295,0,0,37963382,0.000,0
38000519,0,0,38000598,0.000,0
38034513,0,0,38034913,0.000,0
38068696,0,0,38069084,0.000,0
38102764,0,0,38102881,0.000,0
38102764,38103239,38136819,38137688,33.580,0
38172449,0,0,38172650,0.000,0
38172449,38173394,38206081,38207057,32.687,0
38207366,38207639,38241035,38242180,33.396,0
38276562,0,0,38276894,0.000,0
38276562,38277170,38309896,38310813,32.726,0
38310936,38313013,38345301,38346216,32.288,0
38380323,0,0,38380453,0.000,0
38414458,0,0,38414534,0.000,0
38414458,38415144,38447590,38449005,32.446,0
38484801,0,0,38485292,0.000,0
38520427,0,0,38520579,0.000,0
38554694,0,0,38554744,0.000,0
38588187,0,0,38588588,0.000,0
38588187,38589792,38621794,38623497,32.002,0
38623795,38624506,38657576,38658744,33.071,0
38694732,0,0,38694806,0.000,0
38728323,0,0,38728400,0.000,0
38728323,38728674,38761519,38762570,32.846,0
38797985,0,0,38798191,0.000,0
38833754,0,0,38834021,0.000,0
38867494,0,0,38867668,0.000,0
38903018,0,0,38903279,0.000,0
38938335,0,0,38938500,0.000,0
38972596,0,0,38972899,0.000,0
39006742,0,0,39007055,0.000,0
39039993,0,0,39040176,0.000,0
39073868,0,0,39074267,0.000,0
39108674,0,0,39109185,0.000,0
39108674,39109262,39141522,39142656,32.260,0
39142659,39143870,39177005,39178664,33.135,0
39215056,0,0,39217936,0.000,0
39250524,0,0,39250598,0.000,0
39284709,0,0,39284785,0.000,0
39318574,0,0,39318807,0.000,0
39352813,0,0,39352926,0.000,0
39387208,0,0,39387460,0.000,0
39387208,39387946,39420407,39421888,32.460,0
39459035,0,0,39459486,0.000,0
39492969,0,0,39493318,0.000,0
39528144,0,0,39528208,0.000,0
39561144,0,0,39561246,0.000,0
39561144,39561518,39594971,39596109,33.453,0
39596261,39596527,39628689,39629674,32.161,0
39663545,0,0,39663910,0.000,0
39663545,39672701,39704774,39705904,32.074,0
39706076,39706623,39739753,39741090,33.130,0
39775907,0,0,39776289,0.000,0
39811580,0,0,39811592,0.000,0
39845521,0,0,39845604,0.000,0
39845521,39845827,39878434,39879703,32.607,0
39879948,39880494,39913451,39915033,32.957,0
39950995,0,0,39951084,0.000,0
39950995,39951370,39983825,39985200,32.455,0
40019552,0,0,40019798,0.000,0
40053585,0,0,40053702,0.000,0
40053585,40054490,40089959,40091006,35.468,0
40091273,40091806,40124006,40125038,32.200,0
40160768,0,0,40160904,0.000,0
40195485,0,0,40195597,0.000,0
40238247,0,0,40238512,0.000,0
40238247,40238854,40271864,40272852,33.011,0
40273120,40274095,40306499,40307553,32.404,0
40342039,0,0,40342626,0.000,0
40342039,40343125,40379335,40380268,36.210,0
40380451,40380753,40414583,40416114,33.830,0
40416380,40416719,40448779,40450161,32.060,0
40493063,0,0,40493369,0.000,0
40493063,40493394,40525540,40526386,32.146,0
40526702,40527065,40559701,40560664,32.636,0
40561028,40565332,40599038,40599940,33.706,0
40600049,40600941,40634072,40635089,33.131,0
40670598,0,0,40670740,0.000,0
40703570,0,0,40703746,0.000,0
40738236,0,0,40738568,0.000,0
40772365,0,0,40772856,0.000,0
40805887,0,0,40806025,0.000,0
40841177,0,0,40841348,0.000,0
40876800,0,0,40877651,0.000,0
40910901,0,0,40911000,0.000,0
40944048,0,0,40944372,0.000,0
40979118,40979337,0,40979463,0.000,0
41012956,0,0,41013210,0.000,0
41048454,0,0,41048766,0.000,0
41083394,0,0,41083524,0.000,0
41083394,41083908,41116968,41117858,33.059,0
41152841,0,0,41153252,0.000,0
41186286,0,0,41186545,0.000,0
41220245,0,0,41220559,0.000,0
41220245,41220621,41254409,41255567,33.787,0
41289424,0,0,41289840,0.000,0
41324337,0,0,41324556,0.000,0
41358649,0,0,41359129,0.000,0
41394519,0,0,41394872,0.000,0
41394519,41396858,41428899,41429865,32.042,0
41464074,0,0,41464166,0.000,0
41498790,0,0,41498899,0.000,0
41535001,0,0,41535216,0.000,0
41570210,0,0,41570481,0.000,0
41603616,0,0,41603836,0.000,0
41637457,0,0,41637590,0.000,0
41637457,41637862,41671633,41672858,33.771,0
41707967,0,0,41708222,0.000,0
41741516,41741803,0,41742145,0.000,0
41741516,41741803,41775300,41776418,33.497,0
41811143,0,0,41811249,0.000,0
41846101,0,0,41846124,0.000,0
41846101,41847288,41880522,41882125,33.234,0
41882458,41882867,41915862,41916776,32.995,0
41951348,0,0,41951622,0.000,0
41985398,0,0,41985538,0.000,0
42020998,0,0,42021201,0.000,0
42056297,0,0,42056371,0.000,0
42056297,42057855,42090987,42092168,33.132,0
42127241,0,0,42127367,0.000,0
42163196,0,0,42163479,0.000,0
42198502,0,0,42201158,0.000,0
42237120,0,0,42237233,0.000,0
42271184,0,0,42271331,0.000,0
42305594,0,0,42306309,0.000,0
42305594,42306685,42339316,42340096,32.632,0
42374111,0,0,42374207,0.000,0
42374111,42375047,42408017,42409266,32.970,0
42442642,0,0,42442729,0.000,0
42477852,0,0,42478018,0.000,0
42477852,42478144,42511509,42512817,33.365,0
42548224,0,0,42548333,0.000,0
42584044,0,0,42584312,0.000,0
42584044,42584646,42617479,42618507,32.833,0
42654171,0,0,42654279,0.000,0
42687734,0,0,42687891,0.000,0
42728113,0,0,42728348,0.000,0
42762448,0,0,42762734,0.000,0
42796862,0,0,42797163,0.000,0
42831774,0,0,42831989,0.000,0
42831774,42832503,42867086,42867958,34.583,0
42901388,0,0,42901472,0.000,0
42901388,42901765,42934441,42936298,32.676,0
42936401,42945110,42976872,42977824,31.762,0
43013079,0,0,43013164,0.000,0
43013079,43013386,43046589,43047859,33.203,0
43081824,0,0,43081924,0.000,0
43117806,0,0,43117886,0.000,0
43152063,0,0,43152226,0.000,0
43185675,0,0,43185774,0.000,0
43220574,0,0,43220902,0.000,0
43256623,0,0,43257225,0.000,0
43290676,0,0,43290771,0.000,0
43324370,0,0,43324571,0.000,0
43358424,0,0,43358822,0.000,0
43394623,0,0,43394781,0.000,0
43429248,0,0,43429616,0.000,0
43429248,43429630,43461520,43462651,31.890,0
43462744,43464030,43497356,43498377,33.327,0
43535990,0,0,43536109,0.000,0
43570061,0,0,43570587,0.000,0
43603301,43603849,0,43603860,0.000,0
43638285,43638751,0,43638909,0.000,0
43672668,0,0,43672949,0.000,0
43708257,0,0,43708389,0.000,0
43745031,0,0,43745288,0.000,0
43780661,0,0,43780765,0.000,0
43817665,0,0,43818284,0.000,0
43853273,0,0,43853508,0.000,0
43888175,0,0,43888243,0.000,0
43923900,0,0,43924170,0.000,0
43959342,0,0,43959485,0.000,0
43996399,0,0,43996634,0.000,0
44032280,0,0,44032497,0.000,0
44068030,44070288,0,44072240,0.000,0
44104958,0,0,44105009,0.000,0
44140037,0,0,44140181,0.000,0
44175703,0,0,44175812,0.000,0
44213251,0,0,44213440,0.000,0
44247901,0,0,44248097,0.000,0
44247901,44248399,44280637,44281769,32.238,0
44320090,0,0,44320404,0.000,0
44354665,0,0,44354857,0.000,0
44388940,0,0,44389069,0.000,0
44423629,0,0,44423885,0.000,0
44458967,0,0,44459108,0.000,0
44493356,0,0,44493680,0.000,0
44529361,0,0,44529542,0.000,0
44562466,0,0,44562584,0.000,0
44596570,0,0,44596653,0.000,0
44631252,0,0,44631341,0.000,0
44665540,0,0,44665858,0.000,0
44699276,0,0,44699550,0.000,0
44699276,44699574,44732777,44734538,33.204,0
44769235,44769588,0,44769731,0.000,0
44803663,0,0,44803846,0.000,0
44838928,0,0,44839050,0.000,0
44873008,0,0,44873552,0.000,0
44873008,44874116,44910962,44911897,36.846,0
44945216,0,0,44945554,0.000,0
44980428,0,0,44980938,0.000,0
45014811,0,0,45014983,0.000,0
45053501,0,0,45053841,0.000,0
45053501,45054255,45086320,45087385,32.065,0
45120956,0,0,45121182,0.000,0
45156314,0,0,45156572,0.000,0
45192855,0,0,45193950,0.000,0
45192855,45199192,45232516,45234143,33.325,0
45269703,45270106,0,45270477,0.000,0
45304729,0,0,45304804,0.000,0
45340254,0,0,45340652,0.000,0
45340254,45342573,45376647,45377745,34.074,0
45416492,0,0,45416815,0.000,0
45453228,0,0,45453297,0.000,0
45488833,0,0,45489429,0.000,0
45524424,0,0,45525849,0.000,0
45563964,0,0,45564781,0.000,0
45600029,0,0,45600545,0.000,0
45636264,0,0,45636551,0.000,0
45636264,45636600,45672916,45673571,36.315,0
45709837,0,0,45709916,0.000,0
45742875,0,0,45742952,0.000,0
45781520,0,0,45781794,0.000,0
45781520,45804666,45836924,45837524,32.258,0
45891131,0,0,45891374,0.000,0
45924084,0,0,45924239,0.000,0
45957665,0,0,45957875,0.000,0
45957665,45958243,45990777,45991378,32.534,0
46024760,0,0,46024974,0.000,0
46058116,0,0,46058197,0.000,0
46091902,0,0,46092045,0.000,0
46125544,0,0,46125632,0.000,0
46158378,0,0,46158447,0.000,0
46158378,46158710,46191191,46191858,32.481,0
46225356,46225677,0,46225862,0.000,0
46258550,0,0,46258742,0.000,0
46292620,0,0,46292905,0.000,0
46326495,46327133,0,46327320,0.000,0
46360472,0,0,46360633,0.000,0
46395013,46396109,0,46396112,0.000,0
46429773,0,0,46430078,0.000,0
46462855,0,0,46463007,0.000,0
46496728,0,0,46496802,0.000,0
46530877,0,0,46531055,0.000,0
46564006,0,0,46564103,0.000,0
46598810,46600072,0,46601024,0.000,0
46634414,46635004,0,46635198,0.000,0
46668633,0,0,46669494,0.000,0
46702575,0,0,46703000,0.000,0
46736303,0,0,46736509,0.000,0
46771218,0,0,46771670,0.000,0
46804904,0,0,46804981,0.000,0
46838275,0,0,46838780,0.000,0
46872717,0,0,46872917,0.000,0
46906187,0,0,46906486,0.000,0
46941216,0,0,46942898,0.000,0
46977957,0,0,46979454,0.000,0
47014378,0,0,47014505,0.000,0
47048715,47049229,0,47049674,0.000,0
47081786,0,0,47081960,0.000,0
47115296,0,0,47115399,0.000,0
47149134,0,0,47149294,0.000,0
47182673,0,0,47182914,0.000,0
47216799,0,0,47217510,0.000,0
47252247,47252708,0,47253051,0.000,0
47285626,0,0,47285737,0.000,0
47318691,0,0,47319175,0.000,0
47353911,0,0,47354427,0.000,0
47387453,0,0,47387663,0.000,0
47421632,47422028,0,47422291,0.000,0
47455695,0,0,47455971,0.000,0
47455695,47456064,47488876,47489550,32.812,0
47523181,0,0,47523288,0.000,0
47557121,0,0,47557203,0.000,0
47591317,0,0,47591584,0.000,0
47625240,47625666,0,47625902,0.000,0
47658759,0,0,47659374,0.000,0
47693566,47694175,0,47695631,0.000,0
47728667,0,0,47728976,0.000,0
47761932,0,0,47762081,0.000,0
47795923,47796245,0,47796543,0.000,0
47830644,0,0,47831321,0.000,0
47867213,47868486,0,47869155,0.000,0
47901670,0,0,47902122,0.000,0
47935887,0,0,47936303,0.000,0
47970795,47971230,0,47971455,0.000,0
48004453,48004867,0,48004927,0.000,0
48037861,0,0,48037950,0.000,0
48037861,48038226,48070813,48071577,32.587,0
48104722,0,0,48104880,0.000,0
48137941,0,0,48138036,0.000,0
48171635,0,0,48171718,0.000,0
48204706,0,0,48204793,0.000,0
48237740,48238034,0,48238173,0.000,0
48271686,0,0,48271879,0.000,0
48305688,0,0,48306097,0.000,0
48338863,48339238,0,48339301,0.000,0
48372821,48373366,0,48373644,0.000,0
48407086,0,0,48407681,0.000,0
48440745,0,0,48440836,0.000,0
48474600,0,0,48475122,0.000,0
48509856,48510955,0,48511249,0.000,0
48543869,48544269,0,48544457,0.000,0
48578310,0,0,48579506,0.000,0
48615173,0,0,48616772,0.000,0
48651577,0,0,48651683,0.000,0
48684518,0,0,48684616,0.000,0
48717762,0,0,48717919,0.000,0
48753211,48754431,0,48755435,0.000,0
48789847,0,0,48790512,0.000,0
48823992,0,0,48824214,0.000,0
48857492,0,0,48857699,0.000,0
48892267,0,0,48893199,0.000,0
48926111,0,0,48926228,0.000,0
48959971,0,0,48960409,0.000,0
48993563,0,0,48993625,0.000,0
49026626,49026855,0,49026993,0.000,0
49059363,0,0,49059449,0.000,0
49093605,0,0,49093917,0.000,0
49128708,0,0,49129260,0.000,0
49163089,0,0,49163212,0.000,0
49196830,0,0,49197033,0.000,0
49231879,0,0,49232502,0.000,0
49266311,0,0,49266674,0.000,0
49299649,49300163,0,49300493,0.000,0
49334701,49335990,0,49336760,0.000,0
49334701,49335990,49369402,49370145,33.412,0
49403225,49403583,0,49403682,0.000,0
49437546,49438109,0,49438744,0.000,0
49471687,0,0,49471967,0.000,0
49505266,0,0,49505615,0.000,0
49538252,0,0,49538339,0.000,0
49572427,49572765,0,49572966,0.000,0
49605675,0,0,49605769,0.000,0
49639416,0,0,49639696,0.000,0
49673760,0,0,49674093,0.000,0
49708854,49709627,0,49710383,0.000,0
49744046,0,0,49744357,0.000,0
49778318,0,0,49778432,0.000,0
49812359,0,0,49812567,0.000,0
49846990,49847719,0,49848039,0.000,0
49881130,0,0,49881393,0.000,0
49914895,49915239,0,49915408,0.000,0
49948933,0,0,49949162,0.000,0
49982599,0,0,49982862,0.000,0
50016316,0,0,50016662,0.000,0
50049939,0,0,50050130,0.000,0
50082964,0,0,50083055,0.000,0
50116579,0,0,50116692,0.000,0
50151092,0,0,50151177,0.000,0
50184174,0,0,50184284,0.000,0
50217428,0,0,50217840,0.000,0
50251201,0,0,50251405,0.000,0
50285072,0,0,50285385,0.000,0
50318233,50318572,0,50318741,0.000,0
50353407,0,0,50354093,0.000,0
50388849,50389321,0,50389477,0.000,0
50422204,0,0,50422305,0.000,0
50456624,0,0,50457472,0.000,0
50492544,0,0,50493772,0.000,0
50528165,0,0,50528470,0.000,0
50561992,50562374,0,50562567,0.000,0
50596100,50596704,0,50597129,0.000,0
50630967,0,0,50631600,0.000,0
50665753,0,0,50666681,0.000,0
50700957,0,0,50701225,0.000,0
50734644,0,0,50734717,0.000,0
50768867,50769293,0,50769566,0.000,0
50804348,50805446,0,50806246,0.000,0
50804348,50805446,50838592,50839271,33.147,0
50873404,50873922,0,50874176,0.000,0
50907742,50908343,0,50908449,0.000,0
50940797,0,0,50941036,0.000,0
50975535,50977072,0,50977692,0.000,0
51011644,0,0,51011969,0.000,0
51044970,0,0,51045047,0.000,0
51078185,0,0,51078461,0.000,0
51113929,51114675,0,51114868,0.000,0
51149019,51149592,0,51149599,0.000,0
51183558,51184126,0,51184496,0.000,0
51217573,0,0,51218121,0.000,0
51252682,0,0,51253562,0.000,0
51287441,0,0,51287864,0.000,0
51321638,51323409,0,51323546,0.000,0
51357153,0,0,51357726,0.000,0
51393136,0,0,51393551,0.000,0
51427361,51428005,0,51428919,0.000,0
51462958,51464228,0,51464872,0.000,0
51498385,0,0,51498548,0.000,0
51498385,51499030,51531729,51532384,32.700,0
51565855,0,0,51565941,0.000,0
51599356,0,0,51599576,0.000,0
51633043,0,0,51633912,0.000,0
51669294,51670595,0,51671099,0.000,0
51704840,51705316,0,51705710,0.000,0
51740113,0,0,51740901,0.000,0
51776467,0,0,51778632,0.000,0
51812817,0,0,51812940,0.000,0
51846961,0,0,51847258,0.000,0
51846961,51847460,51879335,51879973,31.875,0
51915478,51916495,0,51917350,0.000,0
51950455,0,0,51950599,0.000,0
51984182,0,0,51984339,0.000,0
52017801,0,0,52018075,0.000,0
52052524,0,0,52053418,0.000,0
52088554,0,0,52088723,0.000,0
52122719,0,0,52122795,0.000,0
52155707,52155945,0,52155995,0.000,0
52188772,0,0,52188871,0.000,0
52222230,0,0,52222346,0.000,0
52255152,0,0,52255259,0.000,0
52289649,0,0,52289899,0.000,0
52323004,0,0,52323091,0.000,0
52356325,0,0,52356606,0.000,0
52390222,52390600,0,52390880,0.000,0
52423945,0,0,52424181,0.000,0
52459598,52460119,0,52460461,0.000,0
52493606,0,0,52493740,0.000,0
52528064,0,0,52528176,0.000,0
52561297,0,0,52561436,0.000,0
52595805,52596198,0,52596358,0.000,0
52631157,52632229,0,52632565,0.000,0
52666259,52666557,0,52666592,0.000,0
52701070,52702120,0,52702831,0.000,0
52736227,0,0,52736540,0.000,0
52771152,0,0,52771371,0.000,0
52804987,52805334,0,52805433,0.000,0
52837614,0,0,52837699,0.000,0
52871229,0,0,52871426,0.000,0
52904483,0,0,52904556,0.000,0
52937427,0,0,52937517,0.000,0
52970997,0,0,52971088,0.000,0
53004334,0,0,53004418,0.000,0
53037032,0,0,53037117,0.000,0
53071001,0,0,53071439,0.000,0
53105300,53106500,0,53107603,0.000,0
53141106,0,0,53141440,0.000,0
53175469,0,0,53175894,0.000,0
53209844,0,0,53210053,0.000,0
53243267,0,0,53243553,0.000,0
53278739,53280069,0,53281376,0.000,0
53314381,53315213,0,53315216,0.000,0
53349484,53350049,0,53350216,0.000,0
53383258,0,0,53383834,0.000,0
53419198,0,0,53420970,0.000,0
53456763,53457385,0,53457668,0.000,0
53491397,0,0,53492154,0.000,0
53525634,0,0,53525851,0.000,0
53558767,0,0,53558898,0.000,0
53592917,0,0,53593199,0.000,0
53627103,53627340,0,53627399,0.000,0
53659720,0,0,53659788,0.000,0
53693099,0,0,53693217,0.000,0
53727372,0,0,53727618,0.000,0
53761249,0,0,53761615,0.000,0
53795437,0,0,53795926,0.000,0
53830843,53832310,0,53832772,0.000,0
53865767,53866321,0,53866744,0.000,0
53899542,53900392,0,53900877,0.000,0
53934867,0,0,53936193,0.000,0
53972688,53973930,0,53975155,0.000,0
54007261,0,0,54007540,0.000,0
54040506,0,0,54040701,0.000,0
54074795,54075360,0,54075875,0.000,0
54109772,54110133,0,54110284,0.000,0
54143302,0,0,54143389,0.000,0
54176220,0,0,54176296,0.000,0
54209708,0,0,54209790,0.000,0
54243383,0,0,54243781,0.000,0
54277291,0,0,54277956,0.000,0
54312276,0,0,54313772,0.000,0
54348111,0,0,54348455,0.000,0
54381800,0,0,54382044,0.000,0
54416648,0,0,54417388,0.000,0
54451225,0,0,54451460,0.000,0
54485034,0,0,54485569,0.000,0
54520014,0,0,54520315,0.000,0
54553609,0,0,54553773,0.000,0
54587758,0,0,54587836,0.000,0
54587758,54588070,54620801,54621447,32.731,0
54655084,0,0,54655153,0.000,0
54688820,0,0,54689020,0.000,0
54723049,0,0,54724159,0.000,0
54757484,0,0,54757741,0.000,0
54793186,0,0,54793525,0.000,0
54793186,54793857,54826538,54827212,32.680,0
54860634,54861750,0,54863128,0.000,0
54895451,0,0,54895682,0.000,0
54929230,54929605,0,54929814,0.000,0
54962879,54963432,0,54963549,0.000,0
54962879,54963432,54996292,54996924,32.860,0
55031384,0,0,55031656,0.000,0
55065887,0,0,55067805,0.000,0
55100580,0,0,55100665,0.000,0
55133954,0,0,55134103,0.000,0
55168397,0,0,55168664,0.000,0
55202512,0,0,55202959,0.000,0
55235698,0,0,55235777,0.000,0
55271172,55272356,0,55273108,0.000,0
55306915,0,0,55307066,0.000,0
55340839,55341806,0,55342314,0.000,0
55375086,0,0,55375325,0.000,0
55409120,0,0,55409943,0.000,0
55445252,55446086,0,55446254,0.000,0
55478635,0,0,55479201,0.000,0
55513051,0,0,55513634,0.000,0
55548203,0,0,55548287,0.000,0
55581821,0,0,55582386,0.000,0
55618758,0,0,55620253,0.000,0
55653978,0,0,55654094,0.000,0
55688258,0,0,55688396,0.000,0
55722464,0,0,55723639,0.000,0
55756663,55757806,0,55758842,0.000,0
55791929,55792362,0,55792665,0.000,0
55826526,55827175,0,55827752,0.000,0
55860180,55860519,0,55860518,0.000,0
55893839,0,0,55894361,0.000,0
55928326,0,0,55928486,0.000,0
55965644,55967269,0,55967962,0.000,0
56001477,0,0,56001625,0.000,0
56035389,0,0,56035677,0.000,0
56070423,0,0,56070751,0.000,0
56105136,0,0,56105670,0.000,0
56139075,56139959,0,56139964,0.000,0
56173126,0,0,56173361,0.000,0
56206200,0,0,56206316,0.000,0
56239723,0,0,56240060,0.000,0
56273274,56273643,0,56273697,0.000,0
56307438,56307824,0,56308094,0.000,0
56341538,0,0,56342005,0.000,0
56376267,0,0,56376811,0.000,0
56411605,56412221,0,56412222,0.000,0
56446603,0,0,56447300,0.000,0
56481073,0,0,56481271,0.000,0
56514926,0,0,56515317,0.000,0
56549158,0,0,56549238,0.000,0
56582275,0,0,56582349,0.000,0
56615741,0,0,56615906,0.000,0
56651299,56651803,0,56652191,0.000,0
56684971,56685464,0,56685497,0.000,0
56718620,56719038,0,56719082,0.000,0
56752198,0,0,56752317,0.000,0
56786776,0,0,56786995,0.000,0
56821517,0,0,56821831,0.000,0
56856823,56857343,0,56857530,0.000,0
56893130,0,0,56894490,0.000,0
56929442,0,0,56930302,0.000,0
56964184,56964831,0,56965009,0.000,0
56997412,56997718,0,56997840,0.000,0
57031409,0,0,57031677,0.000,0
57066050,0,0,57066584,0.000,0
57101118,0,0,57101717,0.000,0
57136235,0,0,57137745,0.000,0
57172738,57173495,0,57173590,0.000,0
57209222,0,0,57210037,0.000,0
57244002,0,0,57244364,0.000,0
57277158,0,0,57277417,0.000,0
57311209,0,0,57311388,0.000,0
57346600,0,0,57347099,0.000,0
57382618,57383296,0,57383398,0.000,0
57416561,57417064,0,57417362,0.000,0
57450828,57451162,0,57451304,0.000,0
57484553,0,0,57485052,0.000,0
57518042,0,0,57518128,0.000,0
57551617,0,0,57551692,0.000,0
57585269,0,0,57585331,0.000,0
57619239,0,0,57619342,0.000,0
57619239,57619591,57652596,57653213,33.005,0
57687431,0,0,57687759,0.000,0
57721125,0,0,57721237,0.000,0
57754358,0,0,57754592,0.000,0
57790289,57791584,0,57791735,0.000,0
57825300,0,0,57825551,0.000,0
57859332,0,0,57859563,0.000,0
57893600,0,0,57894615,0.000,0
57929996,0,0,57931737,0.000,0
57965292,57965812,0,57965967,0.000,0
57997879,0,0,57998084,0.000,0
58031976,0,0,58032130,0.000,0
58065974,0,0,58066050,0.000,0
58099281,0,0,58099377,0.000,0
58099281,58099588,58132145,58132793,32.556,0
58166383,0,0,58166541,0.000,0
58199264,0,0,58199461,0.000,0
58232437,0,0,58232840,0.000,0
58266722,0,0,58266894,0.000,0
58300424,0,0,58300825,0.000,0
58334427,0,0,58334727,0.000,0
58368095,0,0,58368381,0.000,0
58401764,58402122,0,58402454,0.000,0
58434698,0,0,58434781,0.000,0
58468784,58469417,0,58469735,0.000,0
58504207,58505600,0,58505882,0.000,0
58538948,0,0,58539347,0.000,0
58573083,0,0,58573147,0.000,0
58607605,58608840,0,58609429,0.000,0
58643401,0,0,58643831,0.000,0
58676384,0,0,58676448,0.000,0
58710309,0,0,58710535,0.000,0
58744135,0,0,58744171,0.000,0
58778119,0,0,58778211,0.000,0
58811765,0,0,58811879,0.000,0
58845425,0,0,58845615,0.000,0
58878454,0,0,58878556,0.000,0
58912551,0,0,58912695,0.000,0
58947533,0,0,58947972,0.000,0
58981357,0,0,58981668,0.000,0
59014394,0,0,59014680,0.000,0
59048445,0,0,59048819,0.000,0
59082010,0,0,59082167,0.000,0
59116393,59117230,0,59117619,0.000,0
59151529,0,0,59151650,0.000,0
59186936,59188333,0,59188924,0.000,0
59222602,59223060,0,59223245,0.000,0
59255898,59256217,0,59256484,0.000,0
59290080,0,0,59290594,0.000,0
59324674,59325918,0,59326377,0.000,0
59359772,59360381,0,59360427,0.000,0
59393821,59394234,0,59394722,0.000,0
59428663,0,0,59429377,0.000,0
59463571,59463963,0,59464601,0.000,0
59496785,0,0,59496918,0.000,0
59531529,59532008,0,59532312,0.000,0
59565921,0,0,59566264,0.000,0
59599407,0,0,59599781,0.000,0
59599407,59599882,59632505,59633141,32.623,0
59667496,59668079,0,59668266,0.000,0
59702230,59703301,0,59703995,0.000,0
59737714,0,0,59737860,0.000,0
59771335,59771740,0,59771938,0.000,0
59806567,0,0,59807027,0.000,0
59841902,59843188,0,59843665,0.000,0
59877094,0,0,59879012,0.000,0
59913402,0,0,59913995,0.000,0
59948223,0,0,59948587,0.000,0
59983255,0,0,59983407,0.000,0
60016504,0,0,60016626,0.000,0
60050426,0,0,60050945,0.000,0
60084860,0,0,60085226,0.000,0
60118051,0,0,60118116,0.000,0
60152168,0,0,60153668,0.000,0
60187574,0,0,60187654,0.000,0
60220422,0,0,60220539,0.000,0
60253863,0,0,60253972,0.000,0
60287894,0,0,60287980,0.000,0
60321591,0,0,60321781,0.000,0
60355710,0,0,60356188,0.000,0
60391556,0,0,60391827,0.000,0
60426113,0,0,60426312,0.000,0
60459886,60460437,0,60460698,0.000,0
60493742,0,0,60494056,0.000,0
60527491,0,0,60527573,0.000,0
60560618,0,0,60560832,0.000,0
60593720,0,0,60593806,0.000,0
60627943,60628210,0,60628305,0.000,0
60661987,0,0,60662081,0.000,0
60695725,60696109,0,60696503,0.000,0
60731107,60732085,0,60732797,0.000,0
60766083,0,0,60766321,0.000,0
60799525,0,0,60799928,0.000,0
60834342,0,0,60834824,0.000,0
60869527,0,0,60869859,0.000,0
60903343,0,0,60904592,0.000,0
60937612,0,0,60937767,0.000,0
60972457,0,0,60972668,0.000,0
61006841,0,0,61006927,0.000,0
61039872,0,0,61040045,0.000,0
61073050,0,0,61073133,0.000,0
61106874,0,0,61106978,0.000,0
61140014,0,0,61140087,0.000,0
61173445,0,0,61173541,0.000,0
61207077,0,0,61207170,0.000,0
61240995,61241841,0,61241855,0.000,0
61274594,0,0,61274694,0.000,0
61309847,61311344,0,61312014,0.000,0
61345663,61346267,0,61346646,0.000,0
61379923,0,0,61380474,0.000,0
61414547,0,0,61414709,0.000,0
61448692,0,0,61449082,0.000,0
61483550,61484028,0,61484192,0.000,0
61517190,0,0,61517353,0.000,0
61550841,0,0,61550962,0.000,0
61586239,61586914,0,61587175,0.000,0
61620560,0,0,61620720,0.000,0
61654241,0,0,61654413,0.000,0
61688681,61689126,0,61689168,0.000,0
61723325,0,0,61723958,0.000,0
61757505,0,0,61757724,0.000,0
61791619,61792166,0,61792363,0.000,0
61791619,61792166,61824455,61831988,32.288,0
61865411,0,0,61865526,0.000,0
61898421,0,0,61898946,0.000,0
61932589,0,0,61932865,0.000,0
61967235,0,0,61967371,0.000,0
62001265,62001711,0,62001956,0.000,0
62034790,62035113,0,62035264,0.000,0
62069401,62069876,0,62070257,0.000,0
62104157,62104744,0,62105181,0.000,0
62138921,62139318,0,62139630,0.000,0
62172842,0,0,62173007,0.000,0
62207029,0,0,62207097,0.000,0
62240348,0,0,62240476,0.000,0
62273993,0,0,62274660,0.000,0
62308550,0,0,62308727,0.000,0
62308550,62309224,62341951,62342637,32.727,0
62375585,0,0,62375673,0.000,0
62409287,0,0,62409371,0.000,0
62443028,0,0,62443121,0.000,0
62476689,0,0,62476802,0.000,0
62510469,0,0,62510677,0.000,0
62545462,62546535,0,62547480,0.000,0
62579935,0,0,62580281,0.000,0
62613480,0,0,62613561,0.000,0
62648658,62649956,0,62650092,0.000,0
62684781,62685832,0,62686983,0.000,0
62720808,0,0,62722016,0.000,0
62756666,0,0,62757984,0.000,0
62792100,62792512,0,62792778,0.000,0
62827454,0,0,62828946,0.000,0
62862568,0,0,62862801,0.000,0
62895869,0,0,62896849,0.000,0
62931356,0,0,62932065,0.000,0
62966359,0,0,62966802,0.000,0
63000239,0,0,63000373,0.000,0
63034105,63034523,0,63034579,0.000,0
63068731,0,0,63069204,0.000,0
63102718,0,0,63103304,0.000,0
63137295,0,0,63137878,0.000,0
63173169,63173769,0,63174516,0.000,0
63208303,63208657,0,63208953,0.000,0
63242816,0,0,63243071,0.000,0
63276850,0,0,63277049,0.000,0
63311259,0,0,63311655,0.000,0
63346485,63346892,0,63347185,0.000,0
63380330,0,0,63380495,0.000,0
63414122,0,0,63414386,0.000,0
63449008,0,0,63450003,0.000,0
63484987,0,0,63485322,0.000,0
63484987,63485375,63517394,63518069,32.019,0
63551354,0,0,63551442,0.000,0
63585314,0,0,63585850,0.000,0
63619063,0,0,63619302,0.000,0
63652430,0,0,63652535,0.000,0
63686889,0,0,63687159,0.000,0
63720743,63721276,0,63721600,0.000,0
63754445,0,0,63754565,0.000,0
63788679,0,0,63789110,0.000,0
63823090,63823488,0,63823816,0.000,0
63856608,0,0,63856677,0.000,0
63890369,0,0,63890458,0.000,0
63924502,0,0,63924633,0.000,0
63958315,0,0,63958713,0.000,0
63992405,0,0,63992683,0.000,0
64026325,0,0,64026426,0.000,0
64059787,0,0,64059901,0.000,0
64059787,64060258,64092443,64093106,32.184,0
64093119,64093395,64126542,64127533,33.148,0
64161750,0,0,64162003,0.000,0
64194482,0,0,64194599,0.000,0
64228300,0,0,64228376,0.000,0
64262890,0,0,64263295,0.000,0
64296319,0,0,64296487,0.000,0
64331105,0,0,64332523,0.000,0
64367801,64368333,0,64368607,0.000,0
64401825,64402434,0,64402452,0.000,0
64435214,0,0,64435577,0.000,0
64471015,64472048,0,64473127,0.000,0
64507484,0,0,64507836,0.000,0
64540934,0,0,64541117,0.000,0
64575315,0,0,64575637,0.000,0
64610099,0,0,64610812,0.000,0
64645906,0,0,64645997,0.000,0
64679140,0,0,64679442,0.000,0
64712714,0,0,64713198,0.000,0
64748899,0,0,64749099,0.000,0
64784123,0,0,64784644,0.000,0
64818138,64818434,0,64818492,0.000,0
64851327,0,0,64851409,0.000,0
64885575,0,0,64886371,0.000,0
64919334,0,0,64919415,0.000,0
64952701,0,0,64953698,0.000,0
64988097,0,0,64988219,0.000,0
65022041,65022343,0,65022526,0.000,0
65022041,65022343,65054991,65056356,32.648,0
65091346,65091980,0,65092260,0.000,0
65127561,65128851,0,65129569,0.000,0
65162611,65163005,0,65163257,0.000,0
65195556,0,0,65196007,0.000,0
65229958,0,0,65230505,0.000,0
65266210,0,0,65267585,0.000,0
65303302,0,0,65304086,0.000,0
65337287,0,0,65337579,0.000,0
65371592,0,0,65372850,0.000,0
65408829,65410067,0,65410921,0.000,0
65443700,0,0,65443966,0.000,0
65476968,65477325,0,65477596,0.000,0
65511063,0,0,65511226,0.000,0
65546097,0,0,65546957,0.000,0
65580840,0,0,65581373,0.000,0
65616039,0,0,65616169,0.000,0
65649908,0,0,65650040,0.000,0
65684612,0,0,65684820,0.000,0
65718553,65719283,0,65719692,0.000,0
65753648,0,0,65754215,0.000,0
65790089,65790847,0,65791234,0.000,0
65825143,65825554,0,65825979,0.000,0
65858762,65859228,0,65860366,0.000,0
65894339,65895755,0,65895964,0.000,0
65929879,65930351,0,65930765,0.000,0
65964948,65965614,0,65965889,0.000,0
65999206,0,0,65999312,0.000,0
66032732,66033065,0,66033112,0.000,0
66066738,66067120,0,66067355,0.000,0
66100564,0,0,66100677,0.000,0
66135188,0,0,66135541,0.000,0
66169289,0,0,66169394,0.000,0
66204577,66205905,0,66206940,0.000,0
66238979,66239253,0,66239262,0.000,0
66271974,0,0,66272083,0.000,0
66305722,0,0,66305866,0.000,0
66339384,0,0,66339478,0.000,0
66373253,0,0,66373635,0.000,0
66409986,0,0,66411188,0.000,0
66445934,0,0,66446070,0.000,0
66479305,0,0,66479434,0.000,0
66513061,0,0,66513249,0.000,0
66547074,66547339,0,66547500,0.000,0
66580613,0,0,66580984,0.000,0
66615812,0,0,66616018,0.000,0
66649746,0,0,66649936,0.000,0
66684061,0,0,66684901,0.000,0
66719654,66720931,0,66721602,0.000,0
66755211,0,0,66755325,0.000,0
66789739,0,0,66789896,0.000,0
66824631,0,0,66825037,0.000,0
66859571,0,0,66861105,0.000,0
66894629,0,0,66894968,0.000,0
66929151,0,0,66929405,0.000,0
66964131,0,0,66964636,0.000,0
66997810,0,0,66998061,0.000,0
67031817,0,0,67031908,0.000,0
67065697,0,0,67065789,0.000,0
67099237,0,0,67099325,0.000,0
67132554,0,0,67132817,0.000,0
67166654,0,0,67166855,0.000,0
67200879,0,0,67201006,0.000,0
67234157,0,0,67234318,0.000,0
67268380,0,0,67269000,0.000,0
67303567,67304000,0,67304142,0.000,0
67337293,67337704,0,67337896,0.000,0
67371669,67372272,0,67373360,0.000,0
67406467,0,0,67406601,0.000,0
67440757,0,0,67441805,0.000,0
67476036,0,0,67476287,0.000,0
67510471,0,0,67510736,0.000,0
67545850,67546893,0,67547585,0.000,0
67580430,0,0,67580691,0.000,0
67580430,67581233,67613298,67614119,32.064,0
67647979,0,0,67648279,0.000,0
67682065,0,0,67682141,0.000,0
67715502,0,0,67715623,0.000,0
67751630,67753016,0,67753504,0.000,0
67751630,67753016,67786679,67788315,33.663,0
67823327,0,0,67823911,0.000,0
67859822,0,0,67860810,0.000,0
67895467,0,0,67895607,0.000,0
67930538,0,0,67930774,0.000,0
67965873,0,0,67966622,0.000,0
67965873,67967323,68000308,68000980,32.985,0
68034014,0,0,68034364,0.000,0
68068184,0,0,68068567,0.000,0
68102549,0,0,68102678,0.000,0
68136637,0,0,68137558,0.000,0
68171867,0,0,68172947,0.000,0
68206766,0,0,68206900,0.000,0
68240388,0,0,68240461,0.000,0
68273623,0,0,68273962,0.000,0
68307984,0,0,68308166,0.000,0
68342415,0,0,68343008,0.000,0
68377323,0,0,68377947,0.000,0
68412356,0,0,68412574,0.000,0
68447423,0,0,68447702,0.000,0
68481840,0,0,68482395,0.000,0
68516157,68516536,0,68517232,0.000,0
68550099,68550527,0,68550636,0.000,0
68584325,68584816,0,68585035,0.000,0
68618383,68618947,0,68619100,0.000,0
68652881,68653419,0,68653484,0.000,0
68687049,0,0,68687187,0.000,0
68721338,68721597,0,68721621,0.000,0
68754826,0,0,68754963,0.000,0
68789761,0,0,68790052,0.000,0
68825167,0,0,68825335,0.000,0
68859736,0,0,68860262,0.000,0
68894131,0,0,68894858,0.000,0
68928698,0,0,68929167,0.000,0
68963874,68964212,0,68964311,0.000,0
68997962,0,0,68998067,0.000,0
69031416,69031788,0,69031829,0.000,0
69031416,69031788,69064477,69065452,32.689,0
69100088,0,0,69100349,0.000,0
69134462,0,0,69134614,0.000,0
69168961,0,0,69169803,0.000,0
69204145,69204399,0,69204542,0.000,0
69238875,0,0,69239047,0.000,0
69272377,0,0,69272811,0.000,0
69307475,69308178,0,69308335,0.000,0
69341576,0,0,69341712,0.000,0
69375169,69375511,0,69375756,0.000,0
69408948,0,0,69409487,0.000,0
69443577,0,0,69443856,0.000,0
69478301,69478769,0,69478897,0.000,0
69511681,0,0,69511751,0.000,0
69511681,69511988,69544963,69545625,32.975,0
69579134,0,0,69579225,0.000,0
69612446,0,0,69612551,0.000,0
69646293,0,0,69646453,0.000,0
69679769,0,0,69679861,0.000,0
69713379,69713737,0,69713890,0.000,0
69748939,69749616,0,69749827,0.000,0
69784943,0,0,69786558,0.000,0
69820829,0,0,69821517,0.000,0
69855313,0,0,69856074,0.000,0
69891403,0,0,69891622,0.000,0
69926277,69926797,0,69927000,0.000,0
69960695,69961224,0,69961350,0.000,0
69994307,0,0,69994398,0.000,0
70027659,0,0,70027844,0.000,0
70027659,70027982,70061127,70061816,33.145,0
70095276,0,0,70095445,0.000,0
70129839,0,0,70130424,0.000,0
70164388,0,0,70164506,0.000,0
70197951,0,0,70198502,0.000,0
70231492,70231690,0,70231761,0.000,0
70265677,0,0,70266800,0.000,0
70300600,0,0,70300855,0.000,0
70333675,0,0,70333887,0.000,0
70368191,70368748,0,70368990,0.000,0
70403423,70404040,0,70404254,0.000,0
70438541,0,0,70440337,0.000,0
70473342,0,0,70473458,0.000,0
70507836,0,0,70508483,0.000,0
70543356,0,0,70544472,0.000,0
70581165,70582552,0,70583189,0.000,0
70616399,70616839,0,70617059,0.000,0
70650430,0,0,70651124,0.000,0
70685537,70686192,0,70686291,0.000,0
70719513,0,0,70719764,0.000,0
70753073,0,0,70753832,0.000,0
70787785,70789144,0,70789241,0.000,0
70823999,70824749,0,70824888,0.000,0
70857980,70858261,0,70858314,0.000,0
70891516,0,0,70891583,0.000,0
70925826,0,0,70925935,0.000,0
70960333,0,0,70960453,0.000,0
70993575,0,0,70993648,0.000,0
71027370,0,0,71027511,0.000,0
71061975,71063006,0,71063088,0.000,0
71098028,0,0,71098271,0.000,0
71131520,0,0,71131670,0.000,0
71165791,71166242,0,71166579,0.000,0
71200135,71200583,0,71200971,0.000,0
71235198,0,0,71235873,0.000,0
71270743,0,0,71270847,0.000,0
71305084,0,0,71305359,0.000,0
71339025,0,0,71339289,0.000,0
71373076,0,0,71373199,0.000,0
71408157,0,0,71409553,0.000,0
71445063,0,0,71446020,0.000,0
71479719,71480060,0,71480464,0.000,0
71513323,0,0,71513542,0.000,0
71548099,71549276,0,71550167,0.000,0
71583882,0,0,71584546,0.000,0
71618466,0,0,71618828,0.000,0
71652869,0,0,71653060,0.000,0
71687520,71688705,0,71689431,0.000,0
71723046,0,0,71723206,0.000,0
71756981,0,0,71757338,0.000,0
71791933,0,0,71792308,0.000,0
71827260,0,0,71828363,0.000,0
71863015,71863324,0,71863350,0.000,0
71896126,0,0,71896233,0.000,0
71930193,0,0,71930727,0.000,0
71965242,71965922,0,71966281,0.000,0
71999166,0,0,71999241,0.000,0
72032466,0,0,72032616,0.000,0
72066420,0,0,72066835,0.000,0
72100617,0,0,72100688,0.000,0
72134385,0,0,72134584,0.000,0
72169412,72169950,0,72170209,0.000,0
72203734,0,0,72203932,0.000,0
72238099,0,0,72238388,0.000,0
72272309,0,0,72272623,0.000,0
72306813,72307282,0,72307402,0.000,0
72341410,72341963,0,72342130,0.000,0
72375171,0,0,72375285,0.000,0
72410335,72411289,0,72411795,0.000,0
72445991,0,0,72446544,0.000,0
72480552,72481051,0,72481139,0.000,0
72480552,72481051,72513392,72514061,32.341,0
72548169,0,0,72548284,0.000,0
72582080,0,0,72582355,0.000,0
72615396,0,0,72615482,0.000,0
72648478,0,0,72648638,0.000,0
72682976,72683319,0,72683524,0.000,0
72716293,0,0,72716373,0.000,0
72749556,0,0,72749643,0.000,0
72783832,0,0,72783917,0.000,0
72783832,72784105,72816490,72817160,32.386,0
72850628,0,0,72850879,0.000,0
72884620,0,0,72884856,0.000,0
72918603,0,0,72918998,0.000,0
72951821,0,0,72951972,0.000,0
72986709,0,0,72987631,0.000,0
73022420,0,0,73022931,0.000,0
73055870,0,0,73055950,0.000,0
73089454,73089736,0,73090692,0.000,0
73124422,0,0,73124543,0.000,0
73158309,0,0,73158375,0.000,0
73191422,0,0,73191693,0.000,0
73226289,73226723,0,73227170,0.000,0
73260941,73261450,0,73261871,0.000,0
73296233,0,0,73297363,0.000,0
73331764,73332142,0,73332357,0.000,0
73365754,73366113,0,73366302,0.000,0
73399850,73400153,0,73400463,0.000,0
73433052,0,0,73433127,0.000,0
73433052,73433544,73465961,73466654,32.417,0
73500998,73501321,0,73501347,0.000,0
73534396,73534598,0,73534697,0.000,0
73568066,73568373,0,73568587,0.000,0
73602227,0,0,73602623,0.000,0
73637554,0,0,73638602,0.000,0
73672193,0,0,73672838,0.000,0
73707846,73708184,0,73708389,0.000,0
73742038,0,0,73742217,0.000,0
73775833,0,0,73776188,0.000,0
73810242,0,0,73810361,0.000,0
73844646,0,0,73845062,0.000,0
73879864,0,0,73881470,0.000,0
73915557,0,0,73916322,0.000,0
73949418,0,0,73949813,0.000,0
73983894,0,0,73984164,0.000,0
74018122,0,0,74018436,0.000,0
74055209,0,0,74055398,0.000,0
74090241,74090800,0,74091059,0.000,0
74125182,74125666,0,74125858,0.000,0
74159150,74159431,0,74159443,0.000,0
74193756,0,0,74194334,0.000,0
74229148,0,0,74229291,0.000,0
74263238,0,0,74263395,0.000,0
74296916,0,0,74297525,0.000,0
74330650,74330881,0,74331009,0.000,0
74365624,74367010,0,74367399,0.000,0
74400990,74401426,0,74401642,0.000,0
74434708,0,0,74435511,0.000,0
74470278,0,0,74471710,0.000,0
74506720,0,0,74508781,0.000,0
74543755,0,0,74544020,0.000,0
74577877,0,0,74578037,0.000,0
74613000,74613962,0,74614636,0.000,0
74649400,0,0,74649563,0.000,0
74683598,0,0,74683687,0.000,0
74717274,0,0,74717872,0.000,0
74751020,0,0,74751296,0.000,0
74785670,0,0,74786416,0.000,0
74821346,0,0,74821507,0.000,0
74855317,0,0,74855490,0.000,0
74888819,0,0,74888934,0.000,0
74923189,0,0,74923712,0.000,0
74957757,74958751,0,74959773,0.000,0
74991705,74991976,0,74992390,0.000,0
75026225,0,0,75026433,0.000,0
75061108,0,0,75061529,0.000,0
75094977,75095508,0,75095717,0.000,0
75129240,0,0,75129602,0.000,0
75164414,75165656,0,75166148,0.000,0
75199456,75199837,0,75200150,0.000,0
75232710,0,0,75232843,0.000,0
75267478,75268051,0,75268666,0.000,0
75303807,75304809,0,75305969,0.000,0
75338592,75338950,0,75339052,0.000,0
75372061,75372550,0,75372970,0.000,0
75407490,75408044,0,75408391,0.000,0
75442012,75443289,0,75444025,0.000,0
75477951,75478541,0,75478781,0.000,0
75512011,0,0,75512417,0.000,0
75546451,75546902,0,75546981,0.000,0
75580834,0,0,75581086,0.000,0
75614549,0,0,75614651,0.000,0
75648248,0,0,75648550,0.000,0
75682652,0,0,75683010,0.000,0
75717103,75717504,0,75717998,0.000,0
75751071,75751447,0,75751573,0.000,0
75785630,75786082,0,75786561,0.000,0
75821409,75821900,0,75822133,0.000,0
75855310,75855726,0,75855940,0.000,0
75889471,75890145,0,75890530,0.000,0
75924878,75925655,0,75926255,0.000,0
75963942,0,0,75964536,0.000,0
75998931,75999457,0,75999502,0.000,0
75998931,75999457,76031028,76031673,31.571,0
76065816,0,0,76066666,0.000,0
76101242,0,0,76101329,0.000,0
76135524,0,0,76135742,0.000,0
76169630,0,0,76169789,0.000,0
76204317,76204953,0,76206108,0.000,0
76238876,76239129,0,76239253,0.000,0
76271716,0,0,76271799,0.000,0
76305703,0,0,76305980,0.000,0
76340136,0,0,76340464,0.000,0
76373716,0,0,76373820,0.000,0
76407273,0,0,76407499,0.000,0
76441362,0,0,76441425,0.000,0
76474674,0,0,76474761,0.000,0
76507809,0,0,76507995,0.000,0
76541862,0,0,76541943,0.000,0
76575264,0,0,76575344,0.000,0
76608929,76609259,0,76609487,0.000,0
76643313,76643737,0,76643981,0.000,0
76677374,0,0,76677467,0.000,0
76710737,0,0,76711069,0.000,0
76745173,0,0,76745383,0.000,0
76779055,0,0,76779244,0.000,0
76812760,76813143,0,76813288,0.000,0
76847522,0,0,76847933,0.000,0
76882389,0,0,76882533,0.000,0
76916013,0,0,76916130,0.000,0
76949544,76949910,0,76950247,0.000,0
76984052,76984826,0,76985311,0.000,0
77019240,77019685,0,77019784,0.000,0
77054140,77055287,0,77055443,0.000,0
77089725,0,0,77089864,0.000,0
77125112,77125625,0,77126068,0.000,0
77159746,77160459,0,77160603,0.000,0
77193955,0,0,77194355,0.000,0
77228154,77228655,0,77229202,0.000,0
77262604,0,0,77262753,0.000,0
77296577,0,0,77296745,0.000,0
77330594,77331127,0,77331171,0.000,0
77365190,77365480,0,77365770,0.000,0
77399452,77399813,0,77400116,0.000,0
77433394,77433846,0,77434020,0.000,0
77468211,77468923,0,77469291,0.000,0
77504943,77506287,0,77507245,0.000,0
77541773,0,0,77542005,0.000,0
77575946,77576466,0,77576789,0.000,0
77609646,0,0,77609763,0.000,0
77643643,0,0,77643958,0.000,0
77679494,77680466,0,77681466,0.000,0
77716093,77716757,0,77717187,0.000,0
77751229,0,0,77751554,0.000,0
77786214,0,0,77786608,0.000,0
77821316,0,0,77821413,0.000,0
77855207,77855656,0,77855949,0.000,0
77888948,0,0,77889513,0.000,0
77923742,0,0,77924166,0.000,0
77959530,77960790,0,77961042,0.000,0
77959530,77960790,77992778,77993477,31.988,0
78026931,0,0,78027019,0.000,0
78061134,78061535,0,78061812,0.000,0
78095558,78096102,0,78096241,0.000,0
78130229,0,0,78130514,0.000,0
78164977,78166090,0,78166465,0.000,0
78202434,78203862,0,78204485,0.000,0
78238560,78239565,0,78240359,0.000,0
78272147,0,0,78272232,0.000,0
78305381,0,0,78305460,0.000,0
78339945,0,0,78340046,0.000,0
78373715,78374045,0,78374271,0.000,0
78407932,0,0,78408643,0.000,0
78442819,78443835,0,78444648,0.000,0
78478358,78478897,0,78479162,0.000,0
78512342,0,0,78512542,0.000,0
78547509,78548391,0,78549084,0.000,0
78583265,0,0,78583443,0.000,0
78617653,78618231,0,78618631,0.000,0
78651344,0,0,78651661,0.000,0
78685343,78685880,0,78686131,0.000,0
78720131,78720507,0,78720738,0.000,0
78754649,78755833,0,78755940,0.000,0
78789240,0,0,78789399,0.000,0
78823144,0,0,78823385,0.000,0
78857160,0,0,78857253,0.000,0
78891048,78891475,0,78891738,0.000,0
78924864,0,0,78925144,0.000,0
78959160,0,0,78959274,0.000,0
78993174,0,0,78993293,0.000,0
79027562,79028020,0,79028438,0.000,0
79062273,79062726,0,79063070,0.000,0
79096967,79098082,0,79098648,0.000,0
79132498,0,0,79132749,0.000,0
79167242,0,0,79167397,0.000,0
79201893,0,0,79202057,0.000,0
79235702,79236119,0,79236535,0.000,0
79268807,79269089,0,79269320,0.000,0
79304348,79304872,0,79305210,0.000,0
79304348,79304872,79337780,79338442,32.908,0
79338548,79338749,79370803,79371506,32.054,0
79405090,79405316,0,79405475,0.000,0
79439154,0,0,79439310,0.000,0
79472463,0,0,79472586,0.000,0
79505995,0,0,79506186,0.000,0
79539817,0,0,79539909,0.000,0
79573426,0,0,79573522,0.000,0
79606537,0,0,79606741,0.000,0
79640425,0,0,79640720,0.000,0
79674972,0,0,79675471,0.000,0
79709677,0,0,79709758,0.000,0
79743934,79744268,0,79744441,0.000,0
79779031,0,0,79779583,0.000,0
79812364,0,0,79812564,0.000,0
79846151,79846700,0,79846876,0.000,0
79880606,0,0,79880776,0.000,0
79914905,79915957,0,79916410,0.000,0
79949364,79949675,0,79949833,0.000,0
79984330,0,0,79984533,0.000,0
80020635,0,0,80020872,0.000,0
80054974,0,0,80055936,0.000,0
80090249,80090575,0,80090754,0.000,0
80124575,80124952,0,80124985,0.000,0
80159721,80160483,0,80160652,0.000,0
80193904,0,0,80194009,0.000,0
80229080,0,0,80229557,0.000,0
80265507,80266006,0,80266189,0.000,0
80265507,80266006,80299977,80300648,33.971,0
80334345,0,0,80334461,0.000,0
80368346,80368800,0,80369433,0.000,0
80403744,0,0,80404159,0.000,0
80438398,0,0,80438711,0.000,0
80472630,80473147,0,80473537,0.000,0
80507445,0,0,80508214,0.000,0
80545067,80545790,0,80546105,0.000,0
80581120,0,0,80581605,0.000,0
80615521,0,0,80615736,0.000,0
80650740,0,0,80651005,0.000,0
80684581,0,0,80684648,0.000,0
80718531,0,0,80718625,0.000,0
80752022,80752290,0,80752320,0.000,0
80786369,0,0,80786570,0.000,0
80823800,0,0,80823891,0.000,0
80857657,0,0,80857733,0.000,0
80857657,80857962,80890003,80890681,32.041,0
80924221,0,0,80924294,0.000,0
80958376,0,0,80958533,0.000,0
80993272,0,0,80993450,0.000,0
81026827,0,0,81026904,0.000,0
81061295,0,0,81061374,0.000,0
81095535,81095763,0,81095862,0.000,0
81129490,0,0,81129756,0.000,0
81163356,81163610,0,81163698,0.000,0
81197349,0,0,81197465,0.000,0
81231296,0,0,81231382,0.000,0
81264943,0,0,81265050,0.000,0
81299137,0,0,81299229,0.000,0
81332555,0,0,81332654,0.000,0
81366074,81366352,0,81366532,0.000,0
81401086,0,0,81401884,0.000,0
81435624,0,0,81435943,0.000,0
81469742,0,0,81470287,0.000,0
81505220,81505642,0,81505957,0.000,0
81540901,0,0,81541321,0.000,0
81575336,81575832,0,81576218,0.000,0
81575336,81575832,81608322,81609334,32.490,0
81644680,81645395,0,81645707,0.000,0
81679723,0,0,81679857,0.000,0
81713329,0,0,81713419,0.000,0
81746362,0,0,81746431,0.000,0
81780244,81780563,0,81780770,0.000,0
81813645,81814001,0,81814139,0.000,0
81846857,0,0,81847086,0.000,0
81881054,0,0,81881141,0.000,0
81914954,0,0,81915158,0.000,0
81948701,81949498,0,81949792,0.000,0
81985321,81986660,0,81987778,0.000,0
82021650,0,0,82022214,0.000,0
82056597,82058023,0,82058560,0.000,0
82091617,0,0,82092556,0.000,0
82126725,0,0,82126922,0.000,0
82160983,0,0,82161428,0.000,0
82195660,0,0,82197048,0.000,0
82230905,0,0,82231022,0.000,0
82266922,0,0,82268921,0.000,0
82266922,82269092,82302803,82303453,33.711,0
82337929,0,0,82338009,0.000,0
82371757,0,0,82371828,0.000,0
82405415,0,0,82405567,0.000,0
82439430,82439726,0,82439861,0.000,0
82439430,82439726,82472176,82472865,32.450,0
82506023,0,0,82506106,0.000,0
82540056,0,0,82540140,0.000,0
82573529,0,0,82573911,0.000,0
82608605,82609850,0,82611106,0.000,0
82644511,82645111,0,82645374,0.000,0
82679303,0,0,82679701,0.000,0
82713879,82714684,0,82715533,0.000,0
82748782,82749778,0,82750208,0.000,0
82784741,82784984,0,82785216,0.000,0
82818499,0,0,82818605,0.000,0
82851596,0,0,82851836,0.000,0
82885557,82885991,0,82886274,0.000,0
82919689,0,0,82919786,0.000,0
82953617,0,0,82953767,0.000,0
82986704,0,0,82986807,0.000,0
83020713,0,0,83020989,0.000,0
83054375,83054764,0,83054894,0.000,0
83087973,0,0,83088214,0.000,0
83123097,83124216,0,83124881,0.000,0
83158132,83158472,0,83158771,0.000,0
83191376,83191675,0,83191939,0.000,0
83225824,83226462,0,83226895,0.000,0
83263125,83264293,0,83264795,0.000,0
83298299,0,0,83298527,0.000,0
83332539,0,0,83332850,0.000,0
83366786,0,0,83367455,0.000,0
83403356,83404508,0,83405229,0.000,0
83439401,0,0,83439532,0.000,0
83473276,83473853,0,83473941,0.000,0
83507788,83508301,0,83508477,0.000,0
83542679,83543332,0,83543978,0.000,0
83578526,0,0,83579785,0.000,0
83614809,83615511,0,83615801,0.000,0
83649087,83649663,0,83649696,0.000,0
83684234,83685032,0,83685268,0.000,0
83719343,0,0,83719628,0.000,0
83753224,83753645,0,83753988,0.000,0
83787066,83787423,0,83787684,0.000,0
83821072,83821347,0,83821451,0.000,0
83854897,83855264,0,83855419,0.000,0
83888697,0,0,83889062,0.000,0
83924319,0,0,83924922,0.000,0
83960583,83961253,0,83961261,0.000,0
83994246,0,0,83994426,0.000,0
84027077,0,0,84027157,0.000,0
84061113,0,0,84061708,0.000,0
84095328,84095689,0,84095817,0.000,0
84128751,0,0,84128902,0.000,0
84162698,0,0,84163037,0.000,0
84197212,84197586,0,84197598,0.000,0
84231334,84232070,0,84232249,0.000,0
84267025,84268184,0,84269727,0.000,0
84301869,0,0,84302035,0.000,0
84301869,84302136,84334354,84335026,32.218,0
84368820,0,0,84368906,0.000,0
84402828,0,0,84403263,0.000,0
84437506,0,0,84438030,0.000,0
84472590,84472996,0,84473244,0.000,0
84505930,84506183,0,84506374,0.000,0
84539671,0,0,84539813,0.000,0
84573619,84574043,0,84574222,0.000,0
84607103,0,0,84607393,0.000,0
84641091,0,0,84641168,0.000,0
84674667,0,0,84674775,0.000,0
84707643,0,0,84707719,0.000,0
84741406,0,0,84741493,0.000,0
84774975,0,0,84775091,0.000,0
84774975,84775289,84808199,84809130,32.910,0
84812940,84813583,84849219,84849870,35.636,0
84850113,84850376,84883602,84884336,33.226,0
84922636,0,0,84922827,0.000,0
84956612,0,0,84956701,0.000,0
84991227,0,0,84991297,0.000,0
85024518,0,0,85024773,0.000,0
85024518,85024804,85059090,85059771,34.285,0
85095089,85095329,0,85095422,0.000,0
85095089,85095329,85129878,85130461,34.550,0
85130604,85151678,85185248,85185945,33.570,0
85222384,0,0,85222470,0.000,0
85259944,85260253,0,85260254,0.000,0
85295615,0,0,85295694,0.000,0
85330635,85331081,0,85331091,0.000,0
85367121,0,0,85367733,0.000,0
85403801,0,0,85403888,0.000,0
85438270,0,0,85438357,0.000,0
85471712,85472024,0,85472282,0.000,0
85505041,0,0,85505130,0.000,0
85539197,85539538,0,85539555,0.000,0
85572513,0,0,85572598,0.000,0
85605789,0,0,85605873,0.000,0
85639821,0,0,85639928,0.000,0
85673260,0,0,85673324,0.000,0
85706299,0,0,85706464,0.000,0
85740599,0,0,85740711,0.000,0
85774085,0,0,85774149,0.000,0
85807068,85807337,0,85807377,0.000,0
85840995,0,0,85841062,0.000,0
85874635,0,0,85874724,0.000,0
85907978,0,0,85908231,0.000,0
85943644,85943847,0,85943956,0.000,0
85977065,0,0,85977432,0.000,0
86010564,0,0,86010646,0.000,0
86044102,0,0,86044195,0.000,0
86078060,0,0,86078137,0.000,0
86111579,0,0,86111844,0.000,0
86145719,0,0,86145865,0.000,0
86179683,0,0,86179926,0.000,0
86213671,86213977,0,86213987,0.000,0
86246911,0,0,86247022,0.000,0
86246911,86247538,86280710,86281399,33.172,0
86315812,0,0,86315991,0.000,0
86348722,0,0,86348809,0.000,0
86382669,0,0,86382757,0.000,0
86416788,0,0,86416877,0.000,0
86450036,0,0,86450303,0.000,0
86483952,0,0,86484034,0.000,0
86518166,0,0,86518246,0.000,0
86551561,0,0,86551772,0.000,0
86584810,0,0,86584898,0.000,0
86619699,0,0,86619823,0.000,0
86655613,0,0,86655790,0.000,0
86691360,0,0,86691534,0.000,0
86727971,86728586,0,86731073,0.000,0
86766059,0,0,86766287,0.000,0
86802238,0,0,86802604,0.000,0
86837876,86838373,0,86838841,0.000,0
86874916,0,0,86875162,0.000,0
86912801,86913075,0,86913090,0.000,0
86947820,0,0,86947900,0.000,0
86984477,0,0,86984663,0.000,0
87020859,0,0,87021043,0.000,0
87057941,0,0,87058023,0.000,0
87094424,0,0,87094619,0.000,0
87129183,87129863,0,87129903,0.000,0
87164152,0,0,87164560,0.000,0
87199913,87200456,0,87201463,0.000,0
87234081,0,0,87234425,0.000,0
87267430,87267744,0,87267848,0.000,0
87302337,0,0,87303504,0.000,0
87338713,87339064,0,87339408,0.000,0
87372779,87373515,0,87373703,0.000,0
87407137,87407438,0,87407681,0.000,0
87442349,87442613,0,87442874,0.000,0
87479780,0,0,87479872,0.000,0
87515649,0,0,87515719,0.000,0
87551744,0,0,87551818,0.000,0
87585106,0,0,87585207,0.000,0
87641000,0,0,87641698,0.000,0
87675328,0,0,87675536,0.000,0
87708906,0,0,87709139,0.000,0
87742727,0,0,87742825,0.000,0
87777158,0,0,87777726,0.000,0
87811339,87811787,0,87812132,0.000,0
87844734,0,0,87844829,0.000,0
87878934,0,0,87879086,0.000,0
87912618,0,0,87912770,0.000,0
87946175,0,0,87946526,0.000,0
87980281,0,0,87980377,0.000,0
88014503,88014983,0,88015318,0.000,0
88048155,0,0,88048258,0.000,0
88083296,88083855,0,88084142,0.000,0
88118711,0,0,88118792,0.000,0
88152606,0,0,88152825,0.000,0
88186038,0,0,88186180,0.000,0
88221101,0,0,88221591,0.000,0
88255890,88256562,0,88256700,0.000,0
88289177,0,0,88289256,0.000,0
88322561,0,0,88322784,0.000,0
88356608,0,0,88356687,0.000,0
88390519,0,0,88390603,0.000,0
88423615,0,0,88423709,0.000,0
88457457,0,0,88457637,0.000,0
88490645,0,0,88490711,0.000,0
88524210,0,0,88524301,0.000,0
88558203,88558455,0,88558467,0.000,0
88591619,0,0,88591702,0.000,0
88625139,88625902,0,88627261,0.000,0
88660281,88660888,0,88661708,0.000,0
88696700,88696988,0,88697195,0.000,0
88730208,0,0,88730655,0.000,0
88764135,0,0,88764456,0.000,0
88798911,88799660,0,88799910,0.000,0
88833322,0,0,88833595,0.000,0
88869757,0,0,88870455,0.000,0
88905174,0,0,88905359,0.000,0
88905174,88905749,88938800,88939504,33.051,0
88973539,0,0,88973870,0.000,0
89007998,89009347,0,89010252,0.000,0
89045138,0,0,89045512,0.000,0
89080631,89081086,0,89081606,0.000,0
89114310,89114583,0,89114717,0.000,0
89148056,89149110,0,89149949,0.000,0
89183469,0,0,89183584,0.000,0
89218556,0,0,89218893,0.000,0
89252936,89253300,0,89253477,0.000,0
89286222,0,0,89286555,0.000,0
89321873,89322205,0,89322373,0.000,0
89355987,0,0,89356127,0.000,0
89389612,0,0,89389686,0.000,0
89422956,0,0,89423045,0.000,0
89457191,89457507,0,89457774,0.000,0
89492031,89493484,0,89494321,0.000,0
89527274,0,0,89527499,0.000,0
89562029,89562514,0,89562938,0.000,0
89597597,89598487,0,89599147,0.000,0
89633125,0,0,89633532,0.000,0
89666873,89667374,0,89667445,0.000,0
89701047,89701524,0,89701593,0.000,0
89735154,0,0,89735223,0.000,0
89769766,0,0,89770491,0.000,0
89806952,89808050,0,89808819,0.000,0
89841917,89842241,0,89842600,0.000,0
89876585,0,0,89876993,0.000,0
89910281,89910712,0,89910773,0.000,0
89944853,0,0,89944978,0.000,0
89980516,0,0,89980721,0.000,0
89980516,89981122,90013935,90014545,32.813,0
90047647,0,0,90047865,0.000,0
90081674,0,0,90081937,0.000,0
90116490,90116978,0,90117417,0.000,0
90151095,0,0,90151412,0.000,0
90184537,0,0,90184851,0.000,0
90218915,0,0,90219011,0.000,0
90252730,0,0,90253119,0.000,0
90286050,0,0,90286133,0.000,0
90319783,0,0,90319984,0.000,0
90353498,0,0,90353682,0.000,0
90387144,0,0,90387295,0.000,0
90421316,0,0,90421670,0.000,0
90456594,90457191,0,90458039,0.000,0
90490603,0,0,90490795,0.000,0
90524404,0,0,90524714,0.000,0
90558983,90559366,0,90559602,0.000,0
90593000,0,0,90593285,0.000,0
90626161,90626404,0,90626504,0.000,0
90661029,0,0,90662273,0.000,0
90696547,90696884,0,90697231,0.000,0
90730022,90730411,0,90730701,0.000,0
90763666,0,0,90763787,0.000,0
90798107,0,0,90798470,0.000,0
90832637,0,0,90833652,0.000,0
90866893,0,0,90866998,0.000,0
90901862,0,0,90902026,0.000,0
90936275,90936522,0,90936523,0.000,0
90969836,0,0,90970267,0.000,0
91003989,91004217,0,91004309,0.000,0
91037780,91038157,0,91038333,0.000,0
91072261,0,0,91072447,0.000,0
0,0,0,0,0.000,1
